efternamn,tilltalsnamn,parti,valkrets,fodd_ar,examen,studietid_ar,studietid_not,yrkesar_ex_politik,yrkesar_totalt,yrkesar_not,utbildning_raw,anstallningar_raw
"Björklund","Heléne","S","Blekinge län","1972","Landsting; ledarskapsutbildning","28","härledd 1988→2016","14","14","spann-summa","Gymnasieprogram Handel och kontor, Sölvesborg 88–90. Komvux, Sölvesborg 92–94. Grundskollärarprogrammet SV, SO, Kristianstad 95–98. Ledarprogram för toppolitiker, Sveriges Kommuner och Landsting 13–14. Kvalificerad ledarskapsutbildning, Campus Bommersvik 16.","Säljare Ica Supermarkets klädavdelning, Sölvesborg 90–93. Vikarierande lärare Möllebacksskolan, Sölvesborg 96–98, speciallärare 98–07."
"Brunsberg","Camilla","M","Blekinge län","1972","","8","härledd 1992→2000","27","27","spann-summa, pågående=2025","Gymnasieskola, Kristianstad, slutår 92. Organist och körledare samt solistprogrammet, Musikhögskolan i Malmö, slutår 98. Master in Performance and Literature, Eastman School of Music, Rochester University, USA (Fulbrightstipendiat) 00.","Music Director, First Universalist Church, Rochester, upstate New York 98–00. Teaching assistant, Eastman School of Music, Rochester University 99–00. Organist- och körledare, musikdirektör, Kungliga Karlskrona Amiralitetsförsamling 00–."
"Frohm","Ann-Christine","SD","Blekinge län","1972","Fjärdhundra; Enköping; utbildning; redovisningsassistent","2","härledd 1988→1990","4","4","spann-summa","Grundskola, Fjärdhundra, slutår 88. Gymnasieskola, social service, Westerlundska gymnasiet, Enköping, slutår 90. Högre administrativ utbildning, redovisningsassistent, Västerås.","Vårdbiträde, Enköping/Västerås. Konferensvärdinna, Enköping. Restaurangbiträde, Västerås. Assistent i skolan, Västerås. Djurskötare, Enköping. Städerska, Västerås. Kokerska, Västerås. Oppositionsråd, Västerås kommun 14–18."
"Jomshof","Richard","SD","Blekinge län","1969","lärarexamen; Fördjupning","2","härledd 1997→1999","6","17","spann-summa; 3 politiskt segment borträknat","SO-lärarexamen, Malmö lärarhögskola/Lunds universitet 97. Fördjupning i geografi och historia, Lunds universitet 97–99.","Butiksbiträde, Obs Stormarknad i Helsingborg 88–91. Värnplikt, F 17 Kallinge 91. Klasslärare, år 4, Lerbäckskolan i Lund 99/00. SO-lärare, år 7 och 8, Magnus Stenbocksskolan, Helsingborg 01. Lärare, geografi, filosofi och psykologi, gymnasieskolan Pro Civitas, Växjö 02–05. Politisk sekreterare, Karlskrona kommun 06–10. Politisk sekreterare, landstinget Blekinge 06–10. Partisekreterare Sverigedemokraterna 15–22."
"Manhammar","Magnus","S","Blekinge län","1980","","","Utbildning saknas","","","Anställningar saknas","",""
"Bengtsson","Mathias","KD","Dalarnas län","1998","","5","härledd 2017→2022","","4","spann-summa; 1 politiskt segment borträknat","Hagagymnasiet, Borlänge, slutår 17. Glimåkra folkhögskola, slutår 18. Studier på samhällsvetarprogrammet, Högskolan Dalarna, 20–22.","Politisk sekreterare, Region Dalarna, 18-22."
"Carlsson","Crister","M","Dalarnas län","1963","","","Utbildning saknas","","","Anställningar saknas","",""
"Fredholm","Kajsa","V","Dalarnas län","1961","","","Utbildning saknas","","","Anställningar saknas","",""
"Giertz","Rasmus","SD","Dalarnas län","1994","","","Utbildning saknas","","","Anställningar saknas","",""
"Gille","Sara","SD","Dalarnas län","1981","","","inga årtal","","","inga daterade spann","Omvårdnadsprogrammet, Gimo bruksgymnasium, Gimo. Utbildad undersköterska.","Arbetat inom vården med hemtjänst, äldreboenden, nattpatrull, demensboende samt som personlig assistent. Politisk sekreterare, Region Västernorrland."
"Hedberg","Anna-Lena","SD","Dalarnas län","1973","Barnskötarutbildning.","","inga årtal","","","Anställningar saknas","Barnskötarutbildning. Yrkeshögskola. Medicinsk sekreterare.",""
"Hultqvist","Peter","S","Dalarnas län","1958","","","Utbildning saknas","","","Anställningar saknas","",""
"Höglund","Malin","M","Dalarnas län","1969","","","Utbildning saknas","","","Anställningar saknas","",""
"Isacsson","Lars","S","Dalarnas län","1970","","14","härledd 1986→2000","31","31","spann-summa, pågående=2025","Grundskola, Avesta, slutår 86. Gymnasieskola, Avesta, slutår 89. Studier på grundskollärarprogrammet 4-9, Högskolan Dalarna 96–00.","Fastighetsskötare, P. Noredal Fastighetsservice, Bagarmossen 90–92. Elevassistent, Avesta kommun 92–96. Lärare, Avesta kommun 00–."
"Liljeberg","Ulrika","C","Dalarnas län","1969","Jur.kand.; ek.kand.","10","härledd 1988→1998","24","24","spann-summa","Naturvetenskapligt gymnasium, Hagaskolan, Borlänge, slutår 88. Jur.kand., Stockholms universitet 96 och ek.kand. 98.","Projektledare, Småföretagarforum 98–01. Notarie/jurist, Länsrätten, Stockholm 01–05. Jurist, Kammarrätten, Stockholm 05. Åklagare, Åklagarkammaren Falun 05–08. Kommunstyrelsens ordförande, Leksand 08–22."
"Olsson","Marie","S","Dalarnas län","1967","","","Utbildning saknas","","","Anställningar saknas","",""
"Skalberg Karlsson","Jesper","M","Gotlands län","1993","Civilingenjörsprogrammet","2","härledd 2012→2014","7","7","spann-summa","Gymnasieskola, Naturvetenskapligt program, Visby, slutår 12. Civilingenjörsprogrammet i industriell ekonomi, Kungliga tekniska högskolan 14–.","Diskplockare, Hamnplan 5 11–13. Bartender, Tott Hotell 13. Reparatör, Nikab Sthlm AB 13–14. Kommunikatör, Nya Moderaterna 14. Regionråd 18–22."
"Westerén","Hanna","S","Gotlands län","1981","Fil.mag.","7","härledd 2000→2007","24","24","spann-summa, pågående=2025","Gymnasieskola, Visby, slutår 00. Fil.mag. europeisk historia, Högskolan på Gotland 07.","Försäkringskassan 01–."
"André","Lili","KD","Gävleborgs län","1970","Kandidatexamen","13","härledd 1989→2002","26","26","spann-summa","Gymnasieskola, Gävle, slutår 89. Kandidatexamen, Högskolan i Gävle, slutår 02.","Fritidsledare, Fritidsgården Humlan, Gävle 89–90. Postkassör, Gävle 91–93. Postsorterare, Gävle 94–97. Anställd vid Högskolan i Gävle 02–18. Samverkanskoordinator, KTH, Stockholm 18–20. Processledare innovation, Future Position X, Gävle 20–22."
"Backeskog","Sanna","S","Gävleborgs län","1985","","6","härledd 2004→2010","11","20","spann-summa, pågående=2025; 1 politiskt segment borträknat","Gymnasieskola, teaterlinjen, Vasaskolan, Gävle, slutår 04. Hälsopedagogprogrammet, Högskolan i Gävle, slutår 10.","Telefonförsäljare, Call-UP 04–06. Butiksbiträde, Time närbutik, Gävle 07–12. Ombudsman, SSU Gävleborg 12–15. Verksamhetsutvecklare, Hyresgästföreningen region Aros, Gävle 15–16. Ombudsman, Socialdemokraterna i Gävleborg 16–."
"Beckman","Lars","M","Gävleborgs län","1967","","3","härledd 1983→1986","34","34","spann-summa, pågående=2025","Gymnasieskola, ekonomisk linje, Björknässkolan Boden 83–86.","Master Foods AB 89–95. Representant, Mix Megapol 95–99. Säljchef, Gävle-Dala NRJ 00–01. Försäljningsdirektör, Föreningen Svenskt Näringsliv 02–. Regionchef/delägare, Nordiska Kvalitetspooler AB 07–."
"Gonzalez Westling","Samuel","V","Gävleborgs län","1983","","2","härledd 2002→2004","17","17","spann-summa, pågående=2025; 1 politiskt segment borträknat","Allmän linje, Axevalla folkhögskola, Axvall, slutår 02 Spanska, Universidad de Salamanca, Salamanca, Spanien 04.","Produktionsarbetare, Autoflator AB, i Vårgårda 03. Produktionsarbetare, TA Hydronics AB, i Annelund 05. Produktionsarbetare, ACT produkter AB, i Alingsås 06. Personlig assistent, Hofors kommun, Hofors 08. Brevbärare, Posten AB/PostNord AB, Hofors/Sandviken 08–(tjänstledig). Politisk sekreterare, Vänsterpartiet Gävle, Gävle 15–17 Politisk sekreterare, Vänsterpartiet Dalarna, Borlänge/Falun 15–22"
"Hedlund","Roger","SD","Gävleborgs län","1979","","3","härledd 1995→1998","13","15","spann-summa; 2 politiskt segment borträknat","Industriprogrammet Parkskolan, Sandviken 95–98.","Industrirobotoperatör, Sandvik AB, Sandviken 98–10 och 12–13. Politisk sekreterare, riksdagen, Stockholm 10–11. Politisk sekreterare, Landstinget Gävleborg, Gävle 13–14."
"Lindberg","Kristoffer","S","Gävleborgs län","1992","","13","härledd 2008→2021","10","10","spann-summa, pågående=2025","Torsbergsgymnasiet, estetiskt program, Bollnäs 08-11. Fridhems folkhögskola, teaterlinjen, Svalöv 12–13. Studier i statsvetenskap och spanska, Umeå universitet, Luleå tekniska universitet och Högskolan Dalarna 19–21.","Butiksbiträde, matbutik i Bollnäs 08–13. Lärarvikarie, Ovanåkers kommun 11–12, 13–14. Butiksbiträde, klädbutik i Bollnäs 13–14. Verksamhetsutvecklare, Arbetarnas bildningsförbund västra Hälsingland 21–."
"Lundqvist","Patrik","S","Gävleborgs län","1984","","","ett årtal (studietid ej härledbar)","19","19","spann-summa, pågående=2025","Gymnasieskola, komvux, Sandviken 10.","Mekaniker/Kransynare, Sandvik SMT och Alleima AB, 06–."
"Persson","Daniel","SD","Gävleborgs län","1982","","","ett årtal (studietid ej härledbar)","14","15","spann-summa; 1 politiskt segment borträknat","Gymnasieskola, hotell- och restaurang, Söderhamn, slutår 01.","Kökschef, Tönnebro värdshus 01–06. Kock, Best Western hotell, Söderhamn 06–13. Politisk sekreterare, Sverigedemokraterna Gävleborg 13–14. Kock, Ångersjön 14–15. Kock, Bemanningen, Söderhamns kommun 15–16."
"W Jonsson","Anders","C","Gävleborgs län","1961","Läkarexamen","7","härledd 1987→1994","23","23","spann-summa","Läkarexamen, Karolinska Institutet 87. Leg. läkare 90. Specialist barnmedicin 94.","Neurologkliniken Huddinge sjukhus, underläkare 87–88. AT-läkare, Huddinge sjukhus 88–90. ST-läkare, barnkliniken Gävle sjukhus 90–94. Avdelningsläkare, barnkliniken Gävle sjukhus 94–98. Överläkare, barnkliniken Gävle sjukhus 98–02. Verksamhetschef, barnkliniken Gävle sjukhus 02–06. Politiskt sakkunnig, Statsrådsberedningen 06–10."
"Wickman","Linnéa","S","Gävleborgs län","1992","Fil.kand.","6","härledd 2011→2017","2","6","spann-summa; 2 politiskt segment borträknat","Borgarskolan, Gävle, samhällsvetenskapliga programmet, slutår 11. Fil.kand. statsvetenskap, Uppsala Universitet 17.","Restaurangbiträde, McDonald's Hemsta, Gävle 11–12. Projektledare för Miljötinget, Landstinget Gävleborg 12–13. Valkretsombudsman, Socialdemokraterna Gävleborg 17. Politisk sekreterare, Socialdemokraterna, Gävle kommun 18–22."
"Wärnick","Viktor","M","Gävleborgs län","1991","Gymnasieutbildning; ekonomiinriktning; Juristexamen","8","härledd 2010→2018","7","7","spann-summa","Gymnasieutbildning samhällsvetenskapliga programmet (ekonomiinriktning) Staffangymnasiet, Söderhamn, slutår 10. Juristexamen, Uppsala universitet 18.","Kundtjänstmedarbetare, Teleperformance, Söderhamn 09–14. Asylprövningshandläggare, Migrationsverket, Gävle 16–18."
"Ali Elmi","Leila","MP","Göteborgs kommun","1988","","","Utbildning saknas","","","Anställningar saknas","",""
"Berntsson","Magnus","KD","Göteborgs kommun","1973","Elektroingenjörsexamen; Civilingenjör","13","härledd 1992→2005","","","inga daterade spann","Gymnasieskola, Göteborg, slutår 92. Elektroingenjörsexamen, Chalmers Tekniska Högskola 94. Civilingenjör inom elektroteknik, Chalmers Tekniska Högskola 05.","Tidningsbud, Västsvensk tidningsdistribution. Fastighetsförvaltare, Öbo AB. Städare, LKN Industriautomation. Ingenjör, Teamster AB."
"Büser","Johan","S","Göteborgs kommun","1983","","","inga årtal","","","inga daterade spann","Examen på juristprogrammet, Handelshögskolan i Göteborg.","Truckförare, montör, högstadielärare och gymnasielärare. Politisk sekreterare, kommunstyrelsen i Göteborg."
"Carlsson","Gunilla","S","Göteborgs kommun","1966","","","ett årtal (studietid ej härledbar)","15","15","spann-summa","Gymnasieskola, ekonomisk linje, slutår 85.","Affärsbiträde 85–95. Projektanställd 95–00. Enhetsledare, ABF 00."
"Cisija","Dzenan","S","Göteborgs kommun","1976","","","Utbildning saknas","","","Anställningar saknas","",""
"Dioukarev","Dennis","SD","Göteborgs kommun","1993","på kandidatprogrammet","2","härledd 2012→2014","1","1","spann-summa","Gymnasieskola, Göteborg, slutår 12. Civilekonomprogrammet, Linnéuniversitetet, 12–14. Studier på kandidatprogrammet i företagsekonomi, Stockholms universitet.","Ekonomiassistent, privat sektor, 13–14. Valorganisatör, Sverigedemokratisk ungdom 14."
"Göthberg","Gustaf","M","Göteborgs kommun","1993","","","inga årtal","5","7","spann-summa; 1 politiskt segment borträknat","Studier i ekonomisk historia, rysk idéhistoria och praktisk filosofi, Göteborgs universitet.","Politisk sekreterare, Sundbybergs kommun 13–15. Landstingsrådssekreterare, Stockholms läns landstings trafikrotel 15–17. Stadssekreterare, Göteborgs kommun 18. Frilansskribent och analytiker 19–20. Projektledare, Jarl Hjalmarson Stiftelsen 20–22."
"Haddou","Tony","V","Göteborgs kommun","1989","","","Utbildning saknas","","","Anställningar saknas","",""
"Hänel Sandström","Marie-Louise","M","Göteborgs kommun","1968","","","inga årtal","38","38","spann-summa, pågående=2025","Leg. sjuksköterska, intensivvårdsköterska, Göteborg. Leg. läkare, specialist inom allmänmedicin, Göteborg.","Göteborgs stad och Västra Götalandsregionen 87–."
"Jonsson","Mattias","S","Göteborgs kommun","1974","","","Utbildning saknas","","","Anställningar saknas","",""
"Josefsson","David","M","Göteborgs kommun","1983","Alingsås","7","härledd 1999→2006","","","Anställningar saknas","Gymnasieskola, Alströmergymnasiet, Alingsås 99–02. Handelshögskolan, Göteborgs universitet 03–06.",""
"Karlsson","Maj","V","Göteborgs kommun","1980","","","Utbildning saknas","","","Anställningar saknas","",""
"Nohrén","Emma","MP","Göteborgs kommun","1980","","","Utbildning saknas","","","Anställningar saknas","",""
"Nordin","Rickard","C","Göteborgs kommun","1983","","7","härledd 2002→2009","8","11","spann-summa; 1 politiskt segment borträknat","Gymnasieskola i Eksjö, slutår –02. Chalmers tekniska högskola 03–04. Göteborgs universitet 04–09.","Kioskpersonal, Movänta Camping 97. Städare, Movänta Camping 98–99. Receptionist, Movänta Camping 00–07. Projektledare, EUE AB 02–03. Politisk sekreterare, Centerpartiet i Göteborg 07–10."
"Odenjung","Helene","L","Göteborgs kommun","1965","","","Utbildning saknas","","","Anställningar saknas","",""
"Rud Stenlöf","Amalia","S","Göteborgs kommun","1993","masterexamen; förvaltning","","inga årtal","1","1","spann-summa","Pol. masterexamen offentlig förvaltning, Göteborgs universitet.","Politiskt sakkunnig, Infrastrukturdepartementet 21–22."
"Ståhl","Jimmy","SD","Göteborgs kommun","1975","","","Utbildning saknas","","","Anställningar saknas","",""
"Tidland","Björn","SD","Göteborgs kommun","1963","Fil.kand.; Civilingenjörsexamen","15","härledd 1982→1997","18","25","spann-summa; 1 politiskt segment borträknat","Fyraårig teknisk linje, Lars Kaggskolan, Kalmar, slutår 82. Fil.kand. historia, Högskolan i Karlstad/Göteborgs universitet, slutår 91. Civilingenjörsexamen, maskinteknik, Chalmers tekniska högskola 97.","Montör, Volvo Kalmarverken, Kalmar 84. Taxichaufför, Taxikedjan, Göteborg, 91–95. Design Engineer, Lear Corporation, Trollhättan 97–99. Forskarstuderande, Chalmers, Göteborg 99-00. Konsult fordonsindustrin, HRM, Göteborg 00-04 och Semcon 04–08. Konsult, egen firma, 09–11. Konstruktör, Medicinteknik hörapparater, Otorix AB, Göteborg 13–14. Politisk sekreterare, Göteborgs stad 15–22."
"Bergenblock","Christofer","C","Hallands län","1974","Gymnasielärarexamen","","ett årtal (studietid ej härledbar)","","","Anställningar saknas","Gymnasielärarexamen, Göteborgs universitet 00.",""
"Birinxhiku","Aida","S","Hallands län","1999","Juristexamen","4","härledd 2018→2022","","","Anställningar saknas","Gymnasieskola, Falkenberg, slutår 18. Juristexamen, Lunds universitet 22.",""
"Bjälkö","Sara-Lena","-","Hallands län","1976","","","ett årtal (studietid ej härledbar)","","","inga daterade spann","Undersköterska, slutår 94.","Undersköterska, Victoriagården, Karlsgården, Bokhöjden och Tallgläntan, m.m. Personlig assistent. Mackföreståndarinna, Skrea Motell. Bilförsäljare, Securitas och Ford. I eget företag, svensk förmedlingstjänst, Tbr Service AB. Säljansvarig, Sverigedemokraterna."
"Boulwén","Carita","SD","Hallands län","1967","","","Utbildning saknas","","","Anställningar saknas","",""
"Gashi","Arber","S","Hallands län","1994","","","Utbildning saknas","","","Anställningar saknas","",""
"Hellsborn","Erik","SD","Hallands län","1984","","","ett årtal (studietid ej härledbar)","19","19","spann-summa","Gymnasieskola, Peder Skrivares skola, Varberg, slutår 03.","Undersköterska, Varbergs kommun, 03–22."
"Nilsson","Jennie","S","Hallands län","1972","","2","härledd 1988→1990","35","35","spann-summa, pågående=2025","Social linje, Sannarpsgymnasiet, Halmstad 88–90.","Personlig assistent 90–91. Vårdbiträde, Hylte kommun 91–."
"Püss","Lars","M","Hallands län","1966","inriktning; Fil.kand.; Fil.mag.","","inga årtal","23","23","spann-summa","Fyraårig teknisk linje, inriktning maskin, Kattegattskolan, Halmstad. Fil.kand. (civilekonom) Umeå universitet. Fil.mag., Strategic Leadership, Högskolan i Halmstad (ej avslutad).","Sales Support, Panton Med, Stockholm 88–89. European Sales Support, Software Publishing Corporation, London 89–91, Stockholm 91–92. Institutionsmäklare, Swedbank Markets, Stockholm 93–96. Institutionsmäklare, Handelsbanken Markets, Stockholm 96–98. Kapitalförvaltare, Swedbank Luxembourg, Luxemburg 98–01. Institutionsmäklare, Nordea Securites, Stockholm 01–02. Swedbank Markets, Stockholm 02–03. Egenföretagare, Halmstad/Stockholm 03–08. Lärare i organisationsteori, Högskolan i Halmstad 10–14."
"Riise","Jan","MP","Hallands län","1957","Samhällsplanering","9","härledd 1973→1982","40","40","spann-summa","Naturvetenskap, Hvitfeldtska gymnasiet, Göteborg 73–76. Samhällsplanering med kulturgeografi, Göteborgs universitet 77–82.","Handläggare, Västsvenska Handelskammaren 82–90. Egen verksamhet, Agadem Jan Riise & Co AB 90–15. Projektledare, Chalmers tekniska högskola 15–22."
"Rönn","Cecilia","L","Hallands län","1980","utbildning; Maskiningenjör","17","härledd 1999→2016","19","19","spann-summa","Gymnasieskola, teknisk utbildning, Varberg, slutår 99. Maskiningenjör, Högskolan i Halmstad 99–02. Företagsekonomi, Göteborgs universitet, examen 16.","Projektledare, Halmstad studentkår 03–04 och VD 04. Konstruktör, Strängbetong 04–06. Produktionsledare, Carlsberg Sverige 06–10. Platschef Ramlösa, Carlsberg Sverige 10–14. Produktionschef Sverige, Carlsberg Sverige 14–15. Lean/TPM Manager Sverige, Carlsberg Sverige 15–19. Egenföretagare, interims-VD 19–22."
"Storckenfeldt","Helena","M","Hallands län","1995","Statsvetarexamen","6","härledd 2013→2019","","","Anställningar saknas","Alpena High School, slutår 13. Statsvetarexamen, Göteborgs universitet 18. Master of Science, International Business, Hult International Business School 19.",""
"Söder","Larry","KD","Hallands län","1969","","","Utbildning saknas","","","Anställningar saknas","",""
"Fransson","Josef","SD","Jämtlands län","1978","","","Utbildning saknas","","","Anställningar saknas","",""
"Olsson","Kalle","S","Jämtlands län","1984","","","Utbildning saknas","","","Anställningar saknas","",""
"Quicklund","Saila","M","Jämtlands län","1961","","","Utbildning saknas","","","Anställningar saknas","",""
"Sätherberg","Anna-Caren","S","Jämtlands län","1964","","","Utbildning saknas","","","Anställningar saknas","",""
"Bouveng","Helena","M","Jönköpings län","1962","","","inga årtal","16","16","spann-summa","Universitetsstudier i språk och ekonomi, Växjö och Stockholm.","Vingresor 86–90. Gymnasielärare 90–95. Egen företagare 95–02."
"Eklöf","Staffan","SD","Jönköpings län","1965","Plutonchefsutbildning; Fil. kand.; Fil. dr.","33","härledd 1981→2014","21","21","spann-summa","Bessemergymnasiet, Sandviken och Polhemsskolan, Gävle 81–84. Värnplikt I 14 Gävle. Plutonchefsutbildning 84–85. Fil. kand., Umeå universitet 89. Fil. dr., cell- och molekylärbiologi, SLU, Umeå 96.","Forskare, Biocentrum Wien 97–98. Handläggare, Jordbruksverket 98–06 och 07–18. Enhetschef, Jordbruksverket 06–07."
"Green","Mats","M","Jönköpings län","1979","","","Utbildning saknas","","","Anställningar saknas","",""
"Haraldsson","Johanna","S","Jönköpings län","1980","","1","härledd 1999→2000","14","14","spann-summa","Njudungsgymnasiet, Vetlanda, slutår 99. Enstaka kurser, Linnéuniversitetet 99–00.","Maskinoperatör, Swedish Match Industries AB, Vetlanda 00–14."
"Karlsson","Anders","C","Jönköpings län","1961","","","Utbildning saknas","","","Anställningar saknas","",""
"Muranovic","Azra","S","Jönköpings län","1987","","","Utbildning saknas","","","Anställningar saknas","",""
"Olofsgård","Jakob","L","Jönköpings län","1975","Teologiexamen; Jönköping","6","härledd 1994→2000","25","25","spann-summa, pågående=2025","Byggteknisk linje, Njudungs gymnasieskola, Vetlanda, slutår 94. Teologiexamen, Korteboskolan, Jönköping 00.","Pastor i Svenska Alliansmissionen 00–10. Pastor i Equmeniakyrkan 10–18. Kulturskribent, Jönköpings-Posten 12–15. Projektledare, OBOS 08–."
"Rinaldo Miller","Camilla","KD","Jönköpings län","1969","","","Utbildning saknas","","","Anställningar saknas","",""
"Sigvardsson","Niklas","S","Jönköpings län","1991","Lärarexamen; Jönköping","6","härledd 2010→2016","7","7","spann-summa","Gymnasieskola, Gislaved, slutår 10. Handelshögskolan vid Göteborgs universitet 14–15. Lärarexamen, Högskolan i Jönköping 16.","Gymnasielärare, Erik Dahlbergsgymnasiet i Jönköping 15–16, Gislaveds gymnasium 16–19 och Sandagymnasiet i Huskvarna 19–22."
"Weidby","Ciczie","V","Jönköpings län","1974","Gymnasieutbildning; Södra","5","härledd 1997→2002","","","Anställningar saknas","Gymnasieutbildning, Södra Vätterbygdens folkhögskola och Ädelfors folkhögskola, slutår 97. Enstaka kurser, Lunds universitet 98–02.",""
"Westroth","Eric","SD","Jönköpings län","1971","Jönköping","7","härledd 1987→1994","29","29","spann-summa, pågående=2025","Tekniskt gymnasium, Gislaved 87–90. Ingenjörshögskolan, Jönköping 90–92. Flygbasjägarskolan, F7 92–93. Ingenjörshögskolan, Jönköping 93–94.","Företagare, Westroth AB 96–."
"Åkesson","Jimmie","SD","Jönköpings län","1979","","10","härledd 1995→2005","6","6","spann-summa","Furulundsskolan, Sölvesborg 95–98. Studier vid Lunds universitet 98–05.","Webbproduktion/delägare, BMJ Aktiv 00–06."
"Ödebrink","Carina","S","Jönköpings län","1961","","","Utbildning saknas","","","inga daterade spann","","Förskollärare, Vaggeryds kommun."
"Brunegård","Gudrun","KD","Kalmar län","1957","Högskoleexamen; Sjuksköterskeutbildning; Södra; Fil.kand.; Distriktssköterskeutbildning; förskrivningsrätt; Fil. kand.","81","härledd 1940→2021","41","41","spann-summa, pågående=2025","Grundskola, Oskarshamn och Kalmar, slutår 73. Gymnasieskola, humanistisk linje, Kalmar 73–76. Högskoleexamen i engelska, fonetik och psykologi, Lunds universitet 78. Sjuksköterskeutbildning, Södra Sveriges Sjuksköterskehem, Lund 78–81. Medicinsk och kirurgisk sjukvård, Kopparbergs läns sjuksköterskeskola, Falun 82. Tropikmedicin/International Child Health 20 p, Uppsala universitet 90. Engelska 21–40 p, Hermods/Lunds universitet 93. Engelska 41-60 p, Högskolan i Växjö. Fil.kand.-examen 95. Distriktssköterskeutbildning med förskrivningsrätt för vissa läkemedel, Högskolan i Kalmar 97–98. Medicinsk etik, vetenskapsteori, omvårdnadskunskap, Högskolan i Kalmar. Fil. kand.-examen 00.","Leg. sjuksköterska, Mora lasarett och Leksands sjukhem 81–83. Registered Nurse grade A, Nkinga Hospital, Tanzania 84–85. Leg. sjuksköterska, Mora lasarett 85–86. Skolsköterska, Vimmerby kommun 88–90. Leg. sjuksköterska, Vimmerby sjukhus, 88–90. Nursing Officer, Nkinga Nurses Training School, Tanzania 90–91. Matron in charge/Administrator in charge, Mchukwi Hospital, Tanzania, 91–93. Leg. sjuksköterska, Vimmerby sjukhem, Vimmerby kommun 93. Skolsköterska, Vimmerby kommun, 1993–."
"Bäckström Johansson","Mattias","SD","Kalmar län","1985","Driftingenjör","4","härledd 2004→2008","17","17","spann-summa, pågående=2025","Oscarsgymnasiet, Oskarshamn, slutår 04. Driftingenjör, Sjöfartshögskolan i Kalmar, slutår 08.","Drifttekniker, Oskarshamns kommun 05. Reaktoroperatör, turbinoperatör och stationstekniker, OKG 08–."
"Engsund","Lars","M","Kalmar län","1968","komplettering","13","härledd 1985→1998","34","34","spann-summa, pågående=2025","Gymnasieskola, vårdlinjen, Oskarshamn 85–86, naturvetenskaplig komplettering, Odisn och Kjellbergska gymnasiet, Göteborg 89–90. Kemitekniklinjen, Chalmers tekniska högskola, Göteborg 92–98.","Underskötare, Oskarshamns Sjukhus och Sahlgrenska 86–92. Högstadielärare, Oskarshamns och Mönsterås Kommun 90–92. Process- och beräkningsingenjör, OKG AB 97–01. Grupp- och enhetschef, OKG AB 01–05. Avdelningschef, Södra Cell AB 05–07. Avdelningschef och projektledare, Vattenfall Power Consultant AB 07–11. Företagare och Projektledare, E&L Projekt- & Ingenjörsbyrå AB 11–18. Senior Projektledare, Pöyry Sweden AB (AFRY) 18–20. Företagare och Senior Projektledare, Graneholmen Project Management AB 20–."
"Hallengren","Lena","S","Kalmar län","1973","Lärarutbildning","8","härledd 1989→1997","3","3","spann-summa; 1 politiskt segment borträknat","Gymnasieskola, samhällsvetenskaplig linje, Kalmar 89–92. Ekonomiskt basår, Kalmar 92–93. Lärarutbildning, årskurs 1–7 i sv/so och musik, Högskolan i Kalmar 93–97.","Politisk sekreterare, Kalmar kommun 99. Förbundssekreterare, SSU 99–02."
"Kronståhl","Tomas","S","Kalmar län","1967","yrkesutbildning; Militärtjänstgöring; Brandmannautbildning; Brandförmansutbildning; företagsutbildningar","14","härledd 1986→2000","39","39","spann-summa, pågående=2025","Gymnasieskola, yrkesutbildning målare, slutår 86. Militärtjänstgöring, 87. Brandmannautbildning, slutår 93. Brandförmansutbildning, slutår 00. Kortare företagsutbildningar m.m.","Målare, BPA, Västervik 86–89. A. Danielssons måleri AB, 89–92. Egen företagare, 92–. Brandman, deltid 92–00. Brandförman, deltid 00–. Kommunalråd 03–18."
"Naraghi","Laila","S","Kalmar län","1982","Fil.kand.; inriktning; krishantering","","inga årtal","10","10","spann-summa; 1 politiskt segment borträknat","Samvetenskapliga programmet, Oscarsgymnasiet, Oskarshamn. Fil.kand., statsvetenskap med inriktning mot krishantering och internationell samverkan, Försvarshögskolan.","Sommarguide, Svensk Kärnbränslehantering AB 03 och 04. Brevbesvarare hos socialminister Berit Andnor 04. Medarbetare till biträdande partisekreteraren och partikassören, Socialdemokraterna 05. Ombudsman, kommunikationsavdelningen, Socialdemokraterna 05–07. Programansvarig, Folk och Försvar 08–09. Analytiker, Crismart (Nationellt centrum för krishanteringsstudier) vid Försvarshögskolan 08–09. Opinionsbildnings- och pressansvarig, Olof Palmes Internationella Center 09–14. Politiskt sakkunnig hos utrikesministern, Utrikesdepartementet 14–16."
"Nicholson","Marie","M","Kalmar län","1976","Utbildning; undervisning","7","härledd 1994→2001","15","15","spann-summa","Sannarpsgymnasiet, Halmstad 94–96. BA International Relation, Hawaii Pacific University, USA 96–99. Ryska språkstudier, St. Petersburg State University, Ryssland 99–00. Msc Russian and Soviet Studies, London School of Economics, England 00–01. MA Utbildning och undervisning (oavslutade studier), Uppsala Universitet, 2011–.","Commissioning Editor, Euromonitor International, England 01–04. Conference Producer, Informa Plc (Maritime & Transport division), England 04–06. Conference Manager, Visiongain, England 06. Senior Admissions Manager, Foundations Programs Ltd, Hong Kong 07–08. Native English Teacher, Englishtown, Hong Kong 08–11. Lärare, Vimmerby kommun 12–18."
"Olin","Mona","SD","Kalmar län","1967","","8","härledd 1986→1994","36","36","spann-summa","Gymnasieskola, Strömbergsskolan, Lund, slutår 86. Enstaka kurser, Lunds universitet 94.","Butiksbiträde, Ica i Hjärup 86–90. Sekreterare, OSM AB, Malmö 90–91. Sekreterare, Astra Draco/AstraZeneca, Lund 91–01. Ekonomiansvarig och affärskoordinator för service och försäljning, CRS Robotics/Thermo Fischer Scientific, Lund 01–11. Assistent, ILME SpA, Milano 11–12. Ekonomiansvarig, ILME Nordic AB, Löddeköpinge 12–22."
"Haider","Monica","S","Kronobergs län","1963","Gymnasieingenjör","13","härledd 1988→2001","18","18","spann-summa","Nioårig grundskola. Gymnasieingenjör maskin, Hässleholms tekniska 88–90. Statskunskap, Lunds universitet 97–01.","Sömmerska, Petris AB, Vislanda 79–86. Au pair, Chicago 83–84. Metallarbetare, Proton Cartec/EVAB, Eneryda 86–90. Instruktör, Samhall Dacke AB 90–97."
"Karlsson","Mattias","SD","Kronobergs län","1977","","","Utbildning saknas","","","Anställningar saknas","",""
"Nyberg","Katja","-","Kronobergs län","1971","","","Utbildning saknas","","","Anställningar saknas","",""
"Olesen","Robert","S","Kronobergs län","1975","","","Utbildning saknas","","","Anställningar saknas","",""
"Ragnarsson","Thomas","M","Kronobergs län","1970","Sjuksköterskeutbildning","7","härledd 1994→2001","36","36","spann-summa, pågående=2025","Sjuksköterskeutbildning, slutår 94, specialistsjuksköterska ambulans 00 och anestesi 01.","Kronobergs läns landsting/Region Kronoberg 89–."
"Rosengren","Oliver","M","Kronobergs län","1992","Pol.kand.","13","härledd 2008→2021","4","4","spann-summa","ProCivitas, Växjö 08–11. Pol.kand., Linnéuniversitetet, Växjö 16. Ekonomie master, Linnéuniversitetet 21.","Max Hamburgerrestauranger 10–13. Vikarie, Stentrollets förskola 11–13. Kommunikatör, Moderaterna 13–14."
"Carlsson","Rose-Marie","S","Malmö kommun","1954","","","inga årtal","48","48","spann-summa","Grundskola. 2-årig vårdlinje. Kunskapslyftet, omvårdnadsteori, socialpsykologi och hälso- och sjukvårdsadministration.","Undersköterska, SUS Malmö 73–21."
"Eklund","Louise","L","Malmö kommun","1979","","","inga årtal","","","Anställningar saknas","Ph. D., European University Institute, Florens. MSc, History of International Relations, London School oc Economics and Political Science, London. BA, Philosophy, Politics and Economics (PPE), Oxford University.",""
"El-Haj","Jamal","-","Malmö kommun","1960","","","Utbildning saknas","","","Anställningar saknas","",""
"Gholam Ali Pour","Nima","SD","Malmö kommun","1981","Fil. mag.; Ämneslärarexamen; inriktning","11","härledd 2005→2016","6","10","spann-summa; 1 politiskt segment borträknat","Fil. mag. Internationell migration och etniska relationer, Malmö universitet 05. Ämneslärarexamen med inriktning mot arbete i grundskolans årskurs 7–9, Malmö univeritet 16.","Redaktionsassistent, Tidskriften Mana 06–10. Lärare, Eslövs kommun 16–18. Politisk sekreterare, Malmö kommun 18–22."
"Jallow","Malcolm Momodou","-","Malmö kommun","1975","","","Utbildning saknas","","","Anställningar saknas","",""
"Ollén","Peter","M","Malmö kommun","1959","","4","härledd 1977→1981","37","37","spann-summa","Humanistisk linje, Pildammsskolan, Malmö, slutår 77. Grafonom, Den Grafiske Højskole, Köpenhamn 81.","Lärare, Den Grafiske Höjskole 84–87. Bitr. direktör, Grafiska Industriförbundet 87–90 och Elanders 90–93. Förläggare, AGI Publishing House 93–21. Koncernchef, Academedia 00–01."
"Paarup-Petersen","Niels","C","Malmö kommun","1978","","17","härledd 1993→2010","13","13","spann-summa; 1 politiskt segment borträknat","Grundskola, Povlsbjergskolen, Vojens Danmark, slutår 93. Sydvestfyns Efterskole, Glamsbjerg Danmark 93–94. Haderslev Handelsskole, Danmark 94–97. Studier i statsvetenskap, universiteten i Århus och Köpenhamn 98–10.","Studentmedarbetare och projektanställd, Öresundsbron 04–06. Analytiker, Öresundsinstitutet 06–08. Ekonom och pressmedarbetare, BRF kredit 09. Egenföretagare, Nuddson 09–18. Politisk sekreterare, Region Skåne 09–14. Konsult, frilans, Mannov 11–15. Strateg, Giv Akt 15–16. Seniorkonsult, Gullers Grupp 16–18."
"Rahm","Tony","M","Malmö kommun","1987","","","Utbildning saknas","","","Anställningar saknas","",""
"Reslow","Patrick","SD","Malmö kommun","1970","Jur.kand.; Pol.mag.","12","härledd 1986→1998","25","25","spann-summa, pågående=2025; 1 politiskt segment borträknat","Gymnasieskola, Ystad 86–90. Wooster High School, Ohio, USA 87–88. Jur.kand., Lunds universitet, 96. Erasmusstudier, Universität Trier, Tyskland 95. Pol.mag., Lunds universitet 97. Master of European Affairs, Lunds universitet 98.","Forskarstuderande, Lunds universitet 00–. Eslövs folkhögskola 02–10. Politisk sekreterare, Malmö kommun 06–10."
"Sandell","Joakim","S","Malmö kommun","1975","utbildning","","ett årtal (studietid ej härledbar)","","","inga daterade spann","Gymnasieskola, Växjö, slutår 94. Enstaka kurser, Linnéuniversitetet och Lunds universitet. Praktisk pedagogisk utbildning, Malmö universitet.","Ombudsman, Malmö arbetarekommun. Lärare, John Bauergymnasiet, Ystad."
"Tängmark Roos","Malte","MP","Malmö kommun","1994","","","Utbildning saknas","","","Anställningar saknas","",""
"Karkiainen","Ida","S","Norrbottens län","1988","inriktning; pol. mag","7","härledd 2003→2010","20","20","spann-summa, pågående=2025","Gymnasieskola, naturvetenskapliga programmet med inriktning miljövetenskap, Tornedalsskolan, Haparanda 03–06. Studier på pol. mag-programmet, Luleå tekniska universitet 06–10.","Butiksbiträde, Ica Supermarket samt Ica Maxi 05–10. Fritidsledare, Station – Ungdomens Hus, Haparanda stad 07–10. Projektledare, kommunledningen, Haparanda 10–11. Strateg, Norrbottens läns landsting 11–."
"Karlsson","Mattias","M","Norrbottens län","1972","","","Utbildning saknas","","","Anställningar saknas","",""
"Lahti","Birger","V","Norrbottens län","1964","Utbildning; utbildningar","","inga årtal","30","30","spann-summa","Grundskola. Utbildning via arbetsgivaren. Fackliga utbildningar.","Domänverket 82–83. Domänskog AB, Assi-Domän, Sveaskog – olika skogsarbeten 85–14."
"Leghissa","Zara","S","Norrbottens län","1970","","","Utbildning saknas","","","Anställningar saknas","",""
"Lundh Sammeli","Fredrik","S","Norrbottens län","1977","","3","härledd 1996→1999","26","26","spann-summa, pågående=2025","Gymnasieskola, naturvetenskapsprogrammet, Piteå, slutår 96. Flygvapnets officershögskola, Halmstad, slutår 99.","Officer, Norrbottens flygflottilj F21 99–. Projektledare, nätverket 1 000 unga socialdemokrater 04–05."
"Palmqvist","Eric","SD","Norrbottens län","1970","","","Utbildning saknas","","","Anställningar saknas","",""
"Sköld","Linus","S","Norrbottens län","1983","Lärarutbildning","15","härledd 2002→2017","17","17","spann-summa, pågående=2025","Heleneholms gymnasium, Malmö, slutår 02. Lärarutbildning, Malmö högskola, examen 08. Rektorsprogrammet, Umeå universitet, examen 17.","Lärare, Bromölla kommun 08–10 och Älvsbyns kommun 10–12. Rektor, Älvsbyns kommun 12–."
"Svedin","Johnny","SD","Norrbottens län","1969","","","Utbildning saknas","","","Anställningar saknas","",""
"Ceimertz","Ludvig","M","Skåne läns norra och östra","1991","","","Utbildning saknas","","","Anställningar saknas","",""
"Elofsson","Torsten","KD","Skåne läns norra och östra","1950","Realexamen; Polischefsutbildning","33","härledd 1966→1999","39","39","spann-summa","Realexamen/Älmhults högre allmänna läroverk 66. Polisskola, Stockholm 71–72. Polischefsutbildning Uppsala och Stockholms universitet 98–99.","Polisassistent/kriminalinspektör, Malmö polisdistrikt 72–84. Utredare, Larmtjänst och Trygg-Hansa 86. Avdelningschef, Securitas 86–89. Utredare Ekoroteln, Malmö polisdistrikt 89–92. Spaningschef Narkotikaroteln, Malmö polisdistrikt 92–96. Chef Kriminalunderrättelsetjänsten, Polismyndigheten i Skåne 92–04. Bitr. polisområdeschef, Polismyndigheten i Skåne 04–06. Internationella uppdrag för OSSE, EU EEAS och Europol 06–13."
"Eskilandersson","Mikael","SD","Skåne läns norra och östra","1977","maskinförarutbildning","2","härledd 1996→1998","18","18","spann-summa","Naturbruksgymnasium, Osby slutår 96. Skoglig maskinförarutbildning, Värnamo 97. PC-tekniker/Webbdesign, Klippan 98.","Skogsmaskinförare, Åsbo skogsentreprenad 96–00. Skogsmaskinförare/övrigt skogsarbete, Göran Långström 00–13. Valsamordnare, Sverigedemokraterna Syd 13–14."
"Håkansson","Per-Arne","S","Skåne läns norra och östra","1963","","","inga årtal","16","31","spann-summa; 2 politiskt segment borträknat","Gymnasieskola, Klippan.","Journalist inom dagspress 83–99 (Helsingborgs Dagblad 83, Arbetet, Malmö 83–99). Ombudsman, Socialdemokraterna i Helsingborg 99–10. Ombudsman, Socialdemokraterna i Skåne 10–14."
"Johnsson","Lars","M","Skåne läns norra och östra","1964","Juristexamen","6","härledd 1983→1989","33","33","spann-summa, pågående=2025","Gymnasieskola, samhällsvetenskaplig linje, Jacobsskolan, Hässleholm slutår 83. Värnplikt, flygvapnet 84. Juristexamen, Lunds universitet 89.","Byrådirektör, Statens Invandrarverk, Malmö92–95. Familjerättsjurist, Anderssons begravningsbyrå, Hässleholm 95–99. Jurist, egen juristbyrå, Osby 99–04. Advokat, egen advokatbyrå, Osby 04–."
"Morell","Thomas","SD","Skåne läns norra och östra","1957","Motorinstruktörutbildning; Bilinspektörutbildning","","inga årtal","","","inga daterade spann","Grundskola. Gymnasieskola, fyraårig teknisk linje. Motorinstruktörutbildning, Frivilliga Automobilkårernas Riksförbund. Bilinspektörutbildning, Polishögskolan.","Volvo Lastvagnar, Skövde. Förare, Hå-Be-Buss, Tidaholm. Förare, Göteborgs spårvägar. Bilinspektör, Polismyndigheten Skaraborg/Västra Götaland. VD, Sveriges Åkeriföretag, Skaraborg. Regionchef, Åkaren i Sverige, Sakkunnig yrkestrafik."
"Persson","Magnus","SD","Skåne läns norra och östra","1970","","","ett årtal (studietid ej härledbar)","31","31","spann-summa, pågående=2025","Gymnasieskola, Sölvesborg, slutår 88.","Nymölla Stora Enso. Sydställningar, BSK ställningsmontage, Bromölla 94–."
"Pihl Krabbe","Ewa","S","Skåne läns norra och östra","1947","","","Utbildning saknas","","","Anställningar saknas","",""
"Söder","Björn","SD","Skåne läns norra och östra","1976","Civilingenjörsexamen","9","härledd 1995→2004","9","9","spann-summa","Gymnasieskola, treårig teknisk linje 95. Värnpliktig fänrik, K3, 98. Civilingenjörsexamen i kemiteknik, Lunds tekniska högskola 04.","Technical management, Unilever AB 05–09. Revision och utveckling av kontrollprogram, Skånemejerier AB 04. Webbproduktion/delägare, BMJ Aktiv HB 00–06."
"Wallentheim","Anna","S","Skåne läns norra och östra","1985","Lärarutbildningen; äldre; lärarexamen","7","härledd 2004→2011","4","4","spann-summa","Hässleholms tekniska skola, slutår 04. Lärarutbildningen för äldre barn och unga, Högskolan Kristianstad, lärarexamen 11.","Lokalvårdare, Solhem, Vittsjö 04–06. Lärare, T4-skolan 4–6, Hässleholm 11–12. Lärare, Västerskolan 7–9, Hässleholm 13–14."
"Ahlström Köster","Emma","M","Skåne läns södra","1987","","","inga årtal","","","Anställningar saknas","Gymnasieskola, Lund. Lärarhögskolan Lund, Malmö.",""
"Andersson","Lars","SD","Skåne läns södra","1964","inriktning","4","härledd 1984→1988","29","29","spann-summa","Eksamen artium, Oslo Handelsgymnasium 84. Bachelor in Business Administration, inriktning International Management, Oklahoma State University 88.","Partiledarassistent Sverigedemokraterna 13–18. Diverse försäljningsrelaterade anställningar (Key Account Manager, Export Manager, Store Manager etc.) 89–13."
"Berginger","Emma","MP","Skåne läns södra","1986","Linköping; Universitetsutbildning","9","härledd 2002→2011","4","4","spann-summa","Gymnasieskola, Folkungaskolan, Linköping, 02–05. Framnäs folkhögskola, musiklinjen, Öjebyn, 05–06. Universitetsutbildning Lunds universitet och Malmö högskola, 06–11.","Kontorsassistent, A:son Ekonomikonsult 02–05. Vårdbiträde, Malmö kommun 06–07 . Projektanställning, Internationella Kvinnoföreningen i Malmö –09 ."
"Engström","Cecilia","KD","Skåne läns södra","1972","Ekon. mag.; Jönköpingg","6","härledd 1991→1997","15","15","spann-summa","Gymnasieskola, ekonomisk linje, slutår 91. Ekon. mag., Internationella handelshögskolan, Jönköpingg 97.","Ekonomichef Jergo 06–19. Ekonomichef Cardello 20–22."
"Fundahn","Marianne","S","Skåne läns södra","1958","","","Utbildning saknas","","","Anställningar saknas","",""
"Gunnarsson","Hanna","V","Skåne läns södra","1983","Gymnasieutbildning; Helsingborg; Lärarutbildning","7","härledd 2002→2009","1","1","spann-summa","Gymnasieutbildning, Johannes Hedbergskolan, Helsingborg, slutår 02. Lärarutbildning, Malmö högskola, 09. Enskilda kurser inom religionsvetenskap och teologi, Lunds universitet.","Studentbostadsadministratör, Lunds universitet, 12–13."
"Johansson","Morgan","S","Skåne läns södra","1970","Helsingborg; Fil.kand.","4","härledd 1989→1993","5","5","spann-summa; 1 politiskt segment borträknat","Gymnasieskola, teknisk linje (kemi), Ängelholm och Helsingborg, slutår 89. Fil.kand., statsvetenskap, Lunds universitet 93.","Redaktör och ledarskribent, Arbetet 94–97. Politiskt sakkunnig, Statsrådsberedningen 97–98. Vikarierande statssekreterare, Justitiedepartementet 00. Sakkunnig, Näringsdepartementet 01–02."
"Larsson","Stina","C","Skåne läns södra","1977","Pol. mag.","7","härledd 1996→2003","8","8","spann-summa","Gymnasieskola, samhällsvetenskaplig linje, Spyken Lund, slutår 96. Pol. mag. Lunds universitet 03","Städare, klädbutik Löddeköpinge 97. Frukostvärdinna, servering, cefébiträde, Centralens Restauranger, Malmö 98–99. Löneadministratör, Lunds universitetssjukhus 00. Löneadministratör, Lunds kommun 01–02. Säljare och demonstratris, Wapnö AB 03. Assistent, verksamhetschef, utredare, socialförvaltningen, Falkenbergs kommun 04–10."
"Magnusson","Adrian","S","Skåne läns södra","1994","Juristexamen","5","härledd 2013→2018","","","inga daterade spann","Gymnasieskola, Ystad, slutår 13. Juristexamen, Lunds universitet 18.","Skattehandläggare, Skatteverket."
"Meijer","Louise","M","Skåne läns södra","1990","Jönköping; Juristutbildning","17","härledd 1997→2014","","","Anställningar saknas","Grundskola, Jönköping 97–06. Gymnasieskola, Jönköping 06–09. Juristutbildning, Lund 09–14.",""
"Mårtensen","Camilla","L","Skåne läns södra","1970","Socionomutbildning; Sommelierutbildning; Yrkeslärarutbildning","23","härledd 1989→2012","36","36","spann-summa, pågående=2025","Gymnasieskola, Trelleborg, slutår 89. Socionomutbildning, Lunds universitet –96. Sommelierutbildning, Malmö 07. Yrkeslärarutbildning, Malmö högskola –12.","AB Mårtensen Consulting 1989–. Kävlinge Golfkrog 89–98 och 00–06. Löddeköpinge Gästgivaregård 92–98. Taste Event 05–09. Lernia, Helsingborg 13. Enhetschef Måltidservice, Landskrona stad 14–17."
"Stegrud","Jessica","SD","Skåne läns södra","1970","Förvaltningslinjen","7","härledd 1989→1996","","","inga daterade spann","Förvaltningslinjen, Högskolan i Karlstad 89–91. Ekonomi, juridik m.m. Högskolan i Gävle 91–93. Ekonomi, konstihistoria m.m. Université d'Angers, Frankrike 93–94. Rexam Management programme for young leaders 96.","Eon, diverse positioner."
"Tiblom","Victoria","SD","Skåne läns södra","1969","Fil.mag.; marknadsföringspsykologi","36","härledd 1985→2021","17","18","spann-summa; 1 politiskt segment borträknat","Ballard High School, Louisville Kentucky 86–87. Gymnasieskola Franska skolan, Stockholm 85–89. Fil.mag., Stockholms universitet, 91–95. Writer's Workshop, San Diego State University 03. Skrivarkurs, Österlens folkhögskola 09–10. Praktisk retorik, marknadsföringspsykologi & inflytande, Lunds universitet, 19–21.","PR-konsult, Jerry Bergström AB, Stockholm 95–96, PiRho 96–98, Florman PR, Stockholm 04–05 och PR-konsulterna, Helsingborg 05–13. Presschef, Swedish Open, Båstad 97–99. Ambassadör för kvinnligt företagande, Tillväxtverket, 08–14. Informatör, ICA Sverige, Helsingborg 13–15. Kommunikatör, Projekt Hallandsås/Trafikverket, Förslöv 15–16 och Nobina Sverige, Helsingborg 17–19."
"Åberg","Boriana","M","Skåne läns södra","1968","civilingenjör; Socionomexamen","16","härledd 1986→2002","33","33","spann-summa, pågående=2025","Gymnasieskola, Bulgarien, slutår 86. Studier till civilingenjör, Tekniska universitetet i Plovdiv, Bulgarien 87–90. Socionomexamen, Lunds universitet 02.","Sekreterare, Safehouse System, Furulund 91–99. Vårdbiträde, hemtjänsten i Kävlinge 00–02. Kurator, Universitetssjukhuset i Lund 02. Socialsekreterare, socialförvaltningen, Helsingborg 02–."
"Atlas","Madeleine","C","Skåne läns västra","1968","","","Utbildning saknas","","","Anställningar saknas","",""
"Broman","Bo","SD","Skåne läns västra","1969","","11","härledd 1988→1999","21","21","spann-summa","Gymnasieskola, naturvetenskaplig linje, slutår 88. Juridik, Lunds universitet 99.","Vårdbiträde, Lunds kommun 91–94. Ekonom, Hotel Stensson, 99–00. Ekonomichef, Revhaken Hotels, 00–04. Vd/ägare, Hotel Stensson, 04–09. Vd, Hotel Jägersro, 09–10. Ekonomichef, Paras Bygg, 10–14. Ekonomichef, Sverigedemokraterna, 15–18."
"Hammar Johnsson","Ann-Charlotte","M","Skåne läns västra","1966","hushållslärarutbildning; Linköpings; Ämneslärarexamen","13","härledd 1985→1998","33","33","spann-summa, pågående=2025","Samhällskunskap och hushållslärarutbildning, Umeå universitet 85–87. Historia, religion och geografi, Linköpings universitet 87–90. Ämneslärarexamen, historisk- och samhällsvetenskaplig linje (160 p), Linköpings universitet 90. Nationalekonomi, Göteborgs universitet 92. Samhällsgeografi, historia, religion och geografi, Lunds universitet 92–98.","Ämneslärare, Perstorps kommun 90–93. Gymnasielärare, Helsingborgs kommun 94–01. Utbildningsplanerare 02–04, biträdande rektor 04–06, rektor 06–, Landskrona-Kävlinge-Svalövs gymnasieförbund. Anställning, Landskrona kommun."
"Heindorff","Ulrika","M","Skåne läns västra","1983","pol. mag.; Jur.kand.","9","härledd 1999→2008","3","6","spann-summa; 1 politiskt segment borträknat","Njudungsgymnasiet, Vetlanda 99–02. En termins studier på pol. mag.-programmet, Göteborgs universitet 02. Jur.kand., Lunds universitet 03–08.","Skadehandläggare och ansvars- och regresshandläggare, Folksam 08–10. Affärsjurist, Nordbro Jurister 10. Skuldsaneringshandläggare, Kronofogdemyndigheten 10–11. Politisk sekreterare, Region Skåne 11–14."
"Karlsson","Niklas","S","Skåne läns västra","1974","","7","härledd 1993→2000","","","inga daterade spann","Gymnasieskola, Landskrona, slutår 93. Värnplikt, Kungl. Wendes Artilleriregemente A3. Lunds universitet 95–00 .","Landskrona kommun, Socialdemokraterna i Landskrona."
"Lindberg","Linda","SD","Skåne läns västra","1974","","","Utbildning saknas","","","Anställningar saknas","",""
"Möller","Ola","S","Skåne läns västra","1983","Fil. mag.","8","härledd 2002→2010","10","14","spann-summa; 1 politiskt segment borträknat","Gymnasieskola, treårig samhällsvetenskaplig linje, slutår 02. Fil. mag., statsvenskap, sociologi, pedagogik och psykologi, Lunds universitet 10.","Lagerarbetare, Tibnor, Malmö 01. Lagerarbetare, Ica-handlarna, Arlöv 03. Restaurangbiträde, Burger King, Lund 04–06. Produktionsledare, Burger King, Lund 06–07. Säljare, Havslunds AS, Oslo 07. Speciallärare, lärare och vikarieansvarig, Centralskolan, Staffanstorp 05–10. Politisk sekreterare, Helsingborgs kommun 10–14. Kommunalråd, Helsingborgs kommun 14–18."
"Nilsson","Agneta","S","Skåne läns västra","1956","","","Utbildning saknas","","","Anställningar saknas","",""
"Rojas","Mauricio","L","Skåne läns västra","1950","Aplicaci; Verkstadsmaskinreparatörsutbildning; Fil.kand.; Fil.dr","34","härledd 1961→1995","35","35","spann-summa","Liceo de Aplicación, Santiago de Chile 61-66. Juridik, Chiles universitet 67-72. Verkstadsmaskinreparatörsutbildning, AMU-center i Uppsala 75-76. Studier vid Lunds universitet 77-86. Fil.kand., Lunds universitet 79. Fil.dr i ekonomisk historia, Lunds universitet 86. Docent, Lunds universitet 95.","Städare, Ulleråkers sjukhus, Uppsala 74-75. Landstingstvätteriet i Arlöv 77-80. Studievägledare, lärare och forskare, Lunds universitet 81-99. VD/vice VD, Timbro 00-04. Rektor, Escuela de Profesionales de Inmigración y Cooperación, Comunidad de Madrid 08–13. Strategisk rådgivare, Presidencia de la República, Chile 18. Professor vid Universidad del Desarrollo, Chile 18–22."
"Trollehjelm","Pia","SD","Skåne läns västra","1967","","","Utbildning saknas","","","Anställningar saknas","",""
"Axén Olin","Kristina","M","Stockholms kommun","1962","Musiklärarexamen","","ett årtal (studietid ej härledbar)","21","21","spann-summa","Musiklärarexamen, Kungliga Musikhögskolan 87.","Musiklärare och biträdande rektor Maria Elementar 87–98. Socialborgarråd Stockholm 98–02. Oppositionsborgarråd 02–06. Finansborgarråd 06–08."
"Bengtsson","Angelika","SD","Stockholms kommun","1990","","","Utbildning saknas","","","Anställningar saknas","",""
"Berglund","Mats","MP","Stockholms kommun","1970","","","Utbildning saknas","","","Anställningar saknas","",""
"Björk","Malin","C","Stockholms kommun","1969","Journalisthögskoleexamen; Jur. kand.","8","härledd 1999→2007","","","Anställningar saknas","Journalisthögskoleexamen, Mitthögskolan 99. Jur. kand., Stockholms universitet 07.",""
"Brodin","Camilla","KD","Stockholms kommun","1979","Jönköping","5","härledd 1998→2003","18","21","spann-summa; 1 politiskt segment borträknat","Gymnasieskola, Jönköping, slutår 98. Lärarprogrammet, Högskolan för lärande och kommunikation, Jönköping 00. Lärarprogrammet, Karlstads universitet 01–02 Lärarprogrammet, Stockholms universitet 03 .","Butiksanställd, Ica Centrumhallen, Tenhult 95–00. Ombudsman KDU Jönköping/Östergötland 98–99. Butiksanställd, ICA Hagahallen, Karlstad 01–03. Ombudsman KD Stockholms län 04–05. Ombudsman KD Stockholms stad 05–06. Sekreterare till KD partistyrelse och partisekreterare, Stockholm 06–09. Organisationssekreterare KD, Stockholm 09–12. Sekreterare till KD gruppledning och chefsgrupp, Stockholm 12–14. Kommunalråd, Täby 14–18."
"Cederfelt","Margareta","M","Stockholms kommun","1959","Fil.mag.","15","härledd 1979→1994","37","37","spann-summa, pågående=2025","Gymnasieskola, vårdlinjen, Malmö, slutår 79. Leg. sjuksköterska, Sophiahemmets sjuksköterskehögskola 82. Fil.mag. socialvetenskap, Uppsala universitet 94.","Sjuksköterska, Ersta sjukhus 82–87. Klinikföreståndare, Långbro sjukhus 87–89. Klinikföreståndare, Karolinska sjukhuset 89–93. Högskoleadjunkt, Sophiahemmets sjuksköterskehögskola 94–99. Chefssjuksköterska, Karolinska universitetssjukhuset 03–04. Projektledare, Karolinska universitetssjukhuset 05–."
"Danielsson","Malin","L","Stockholms kommun","1977","Fil. kand","5","härledd 1996→2001","8","8","spann-summa","Sannarpsgymnasiet, Halmstad, slutår 96. Fil. kand, Lunds universitet 01.","Kommunikatör, Unga Synskadade, Stockholm 01–04. Organisationssekreterare Unga Synskadade, Stockholm 04–08. Kanslichef Unga Synskadade, Stockholm 08–09."
"Delgado Varas","Lorena","-","Stockholms kommun","1974","","","Utbildning saknas","","","Anställningar saknas","",""
"Ekegren","Anders","L","Stockholms kommun","1957","","","Utbildning saknas","","","Anställningar saknas","",""
"Forssell","Joar","L","Stockholms kommun","1993","","","Utbildning saknas","","","Anställningar saknas","",""
"Frost Lindberg","Merit","M","Stockholms kommun","1973","","","Utbildning saknas","","","Anställningar saknas","",""
"Gabrielsson","Ida","V","Stockholms kommun","1981","","","Utbildning saknas","","","Anställningar saknas","",""
"Guteland","Jytte","S","Stockholms kommun","1979","","14","härledd 1998→2012","11","11","spann-summa","Logistikprogrammet, Södertörns Högskola/KTH Södertälje 98–01. Nationalekonomi, Södertörns högskola 01–03. Handelsrätt, Uppsala universitet 01. Magister nationalekonomi, Södertörns högskola 12.","Vårdbiträde, Rosendalsgården 97–00. Politisk sakkunnig, Utbildningsdepartementet 02–03. Politiskt sakkunnig, Finansdepartementet 05–06. Förbundsordförande, Sveriges socialdemokratiska ungdomsförbund 07–11. Tankesmedjan Global Utmaning 12–14."
"Helldén","Daniel","MP","Stockholms kommun","1965","Lidingö; Fil. dr.","21","härledd 1984→2005","17","17","spann-summa","Gångsätra gymnasium, Lidingö, slutår 84. Fil. dr. statsvetenskap, Stockholms universitet 05.","Lektor, Stockholms universitet 05–11. Lektor, Mälardalens högskola 11. Oppositionsborgarråd, Stockholm 11–14. Trafikborgarråd 14–22."
"Kallifatides","Markus","S","Stockholms kommun","1972","Huddingegymnasiet; Ekon. dr.","12","härledd 1990→2002","13","13","spann-summa, pågående=2025","Gymnasieskola, 3-årig naturvetenskaplig linje, Huddingegymnasiet, slutår 90. Civilekonom, Handelshögskolan, Stockholm 95. Ekon. dr., Handelshögskolan, Stockholm 02.","Assistant professor, Handelshögskolan, Stockholm 03. Gästforskare, University of Queensland, Australien 08–09. Associate professor (Docent), Handelshögskolan, Stockholm 11. Matts Carlgren Associate Professor of Management, Handelshögskolan, Stockholm 13–."
"Karapet","Arin","-","Stockholms kommun","1988","","","Utbildning saknas","","","Anställningar saknas","",""
"Kasirga","Kadir","S","Stockholms kommun","1975","","10","härledd 1996→2006","14","14","spann-summa","Grundskola, Turkiet. Gymnasieskola, samhällsvetenskapliga programmet, Kärrtorp, Stockholm, slutår 96. Långholmens folkhögskola, samhällspolitiska programmet 98. Södertörns högskola, kultur-, samhälls- och historieprogrammet, idéhistoria, statsvetenskap 99–06 .","Tågvärd, Connex Tunnelbanan, Stockholm 00–03. SL kundtjänst 04–08. Biljettkontrollant, Securitas AB 08–10. Biljettkontrollant och spärrexpeditör MTR AB 10–15. Kriminalvårdare, Kriminalvården 12–15."
"Kärrholm","Fredrik","M","Stockholms kommun","1985","","","Utbildning saknas","","","Anställningar saknas","",""
"Lennkvist Manriquez","Andreas","V","Stockholms kommun","1994","","","Utbildning saknas","","","Anställningar saknas","",""
"Luhr","Katarina","MP","Stockholms kommun","1973","Apotekarexamen; Doktorsexamen","5","härledd 1999→2004","23","23","spann-summa","Apotekarexamen, Uppsala universitet 99. Doktorsexamen neurovetenskap, Karolinska Institutet 04.","Forskarutbildning, Karolinska Institutet 99–04. Postdocstipendiat, Karolinska Institutet, 04–09. Apotekare, Giftinformationscentralen 09–14. Miljö- och klimatborgarråd, Stockholms stad 14–22."
"Nordblom","Carl","M","Stockholms kommun","1994","","","ett årtal (studietid ej härledbar)","1","6","spann-summa; 3 politiskt segment borträknat","Gymnasieskola, Norra Real, Stockholm, slutår 13. Studier i statsvetenskap, nationalekonomi och historia, Stockholms universitet. Studier i medie- och kommunikationsvetenskap, Uppsala universitet.","Valombudsman, Moderata ungdomsförbundet i Stockholm 14. Chefsombudsman, Moderata ungdomsförbundet i Stockholm 16–18. Politisk sekreterare, Ekerö kommun 18–21. Projektledare, Svenskt Näringsliv 21–22."
"Redar","Lawen","S","Stockholms kommun","1989","","","Utbildning saknas","","","Anställningar saknas","",""
"Rågsjö","Karin","V","Stockholms kommun","1955","Socionomexamen","","inga årtal","35","35","spann-summa","Socionomexamen, utbildad familjeterapeut, diplomerad i PR och kommunikation på Berghs.","Fältassistent, Solna kommun 78–82. Behandlingsassistent, Stockholms läns landsting 82–86. Behandlingsassistent, Stockholms kommun 86–87. Byrådirektör, Socialstyrelsen 87–91. Informatör, Fia projektet 91–94. Avdelningsdirektör, Folkhälsoinstitutet 94–98. Borgarrådssekreterare, Vänsterpartiet, Stockholm 98–00. Preventionsenheten, Stockholms stad 00–01. Projektledare, Alkoholkommittén 01–07. Kommunikationsstrateg, Socialstyrelsen, Smittskyddsinstitutet, Folkhälsomyndigheten 08–14."
"Räihä","Mirja","S","Stockholms kommun","1959","","14","härledd 1970→1984","48","48","spann-summa, pågående=2025","Läroverket, Kemi 70–75, gymnasieskola i Kemi 75–76 och vårdlinjen, Märsta gymnasium 82–84.","Fabriksarbeterska, Marabou 76–80. Sjukvårdsbiträde 81–84 och undersköterska 84–, Stockholms läns landsting/Region Stockholm."
"Strandhäll","Annika","S","Stockholms kommun","1975","","","Utbildning saknas","","","Anställningar saknas","",""
"Thand Ringqvist","Elisabeth","C","Stockholms kommun","1972","","25","härledd 1993→2018","30","30","spann-summa, pågående=2025","Civilekonom, Handelshögskolan, Stockholm, slutår 96. Studier i ryska språket, S:t Petersburg 93. Ekonomistudier, Stanford universitetet, Palo Alto 18.","Egenföretagare, KIT Camping Östersund 92–94. Konsult, JKL 96–97 och McKinsey & Co 97–05. Kanslichef, Centerpartiet, 05–06. Politisk sakkunnig, Näringsdepartementet, 06-10. VD, Företagarna 11–15. Grundare och VD, Marsnen AB 15–. Partner, NFT Ventures 16–19. Grundare och partner, E14 Invest 17–. Grundare och ordförande, Vaccine Forward 20–23."
"Vencu Öhrlund Castro","Daniel","S","Stockholms kommun","1994","","","Utbildning saknas","","","Anställningar saknas","",""
"Vepsä","Mattias","S","Stockholms kommun","1980","","15","härledd 2001→2016","19","21","spann-summa, pågående=2025; 1 politiskt segment borträknat","Gymnasieskola, Laholm, slutår 01. Allmän kurs folkhögskola, Biskops-Arnö, slutår 14. Kurser kulturgeografi, Stockholms universitet, 16.","Kock 21, ombudsman 22. Politisk sekreterare S, Eskilstuna kommun, 03–05. Förbundssekreterare, SSU 05–11. Rådgivare ABF och kommunikationschef 12–."
"Vinge","Henrik","SD","Stockholms kommun","1988","","","Utbildning saknas","","","Anställningar saknas","",""
"Westerlund","Ulrika","MP","Stockholms kommun","1972","fotografutbildning; Fil.kand.; mastersexamen","28","härledd 1991→2019","25","25","spann-summa, pågående=2025","Samhällsvetenskaplig linje, Botvidsgymnasiet, Botkyrka, slutår 91. Kulturama fotografutbildning, Stockholm 93. Poppius journalistskola, Stockholm 01. Fil.kand., etnologi, Stockholms universitet 16. Teologie mastersexamen, huvudområde mänskliga rättigheter, Uppsala universitet 19.","Chefredaktör, Tidskriften Bang, 00–04 Projektledare, Forum för levande historia 04–06. Utredningssekreterare, kommittén för samordning av Mångkulturåret 06–07. Egenföretagare som bl.a. redaktör, utredare, skribent, konsult 07–. Delprojektledare, Zebraprojektet, Sveriges radios förvaltningsbolag 09–10. Politiskt sakkunnig, RFSU, 19–20. Projektledare/uppdragsansvarig, MUCF 20–22."
"Westmont","Martin","SD","Stockholms kommun","1978","Fredrika","4","härledd 1997→2001","","","Anställningar saknas","Gymnasieskola, ekonomi & administration, Fredrika Bremergymnasiet, slutår 97. Universitetsstudier, konstvetenskap och statsvetenskap, Stockholms universitet 01.",""
"Widding","Elsa","-","Stockholms kommun","1968","Singapore","18","härledd 1987→2005","19","19","spann-summa","Gymnasium, naturvetenskaplig linje, Göteborg, slutår 87. Studier vid Chalmers tekniska högskola, Göteborg, slutår 94 och INSEAD Business School, Fontainebleau och Singapore 05.","Statkraft SF, Norge 96–99. Vattenfall AB 05–06. Bure Equity och Retrea 07–10 Regeringskansliet 10–14. Fortum 14–22. Elsa Widding AB."
"Ygeman","Anders","S","Stockholms kommun","1970","","","inga årtal","","","inga daterade spann","Gymnasieskola. Universitetsstudier.","Försäljare, Konsum. Projektanställd, LO. Ordförande, Stockholms universitets förvaltningsutskott."
"Ådahl","Martin","C","Stockholms kommun","1969","","","Utbildning saknas","","","Anställningar saknas","",""
"Akhondi","Alireza","C","Stockholms län","1980","","","Utbildning saknas","","","Anställningar saknas","",""
"Andersson","Magdalena","S","Stockholms län","1967","Forskarutbildning; inriktning","3","härledd 1992→1995","15","17","spann-summa; 1 politiskt segment borträknat","Civilekonom, Handelshögskolan Stockholm, examen 92. Forskarutbildning, inriktning nationalekonomi (ej avslutad), Handelshögskolan Stockholm 92–95. Institute for Advanced Studies, Wien 94. Harvard University 95.","Lärare, Handelshögskolan 94. Politiskt sakkunnig, Statsrådsberedningen 96–98 och planeringschef 98–04. Statssekreterare, Finansdepartementet 04–06. Inrikespolitisk rådgivare till partiordföranden, socialdemokratiska riksdagsgruppen 07–09. Överdirektör, Skatteverket 09–12. Ekonomisk-politisk talesperson, Socialdemokraterna 12–14."
"Andersson Tay","Andrea","V","Stockholms län","1988","Mastersexamen","10","härledd 2004→2014","2","7","spann-summa; 1 politiskt segment borträknat","Gymnasieskola, SAM-gymnasiet, Jakobsberg 04–07. Samhällsvetenskapligt miljövetarprogram, Göteborgs universitet 08–11. Mastersexamen, humanekologi, Lunds universitet 14.","Utbildningsledare, Jordens Vänner 15–16. Verksamhetsutvecklare, Fältbiologerna 16–17. Politisk sekreterare, Vänsterpartiet Region Stockholm 17–22."
"Anstrell","Alexandra","M","Stockholms län","1974","Ekon. kand.","","inga årtal","","","inga daterade spann","Åre turist- och hotellskola. Ekon. kand., Uppsala universitet.","Bykrogen, Åre. Brinkeboda Wärdshus, Mörsil. Lundsgården, Åre. Hummelstugan, Åre. Hotel Weisses Rössl, Sankt Wolfgang, Österrike. Linders Resor. Ticket resebyråer AB. Ticket Travel Group AB."
"Arkhem","Mats","SD","Stockholms län","1966","utbildningar","","ett årtal (studietid ej härledbar)","29","35","spann-summa; 1 politiskt segment borträknat","Gymnasieskola, Tumba, slutår 84. Diverse eftergymnasiala kurser och utbildningar.","Terminalarbetare, Posten, Solna 84–87. Chaufför, Posten, Stockholm 87–92. Försäljare, Pactema, Stockholm 92–98. Chaufför, Taxi Stockholm 99–00. Åkare, Taxi Stockholm 00–14. Politisk sekreterare, SD Huddinge 15–18 Oppositionsråd, Huddinge 19–22."
"Aspling","Ludvig","SD","Stockholms län","1983","","20","härledd 1990→2010","7","10","spann-summa; 1 politiskt segment borträknat","Gymnasieskola, naturvetenskapligt program, Sundbyberg, slutår 01. Mandarin och japanska 90 hp, Dalarnas universitet, slutår 10. Studier på juristprogrammet, Stockholms universitet.","Engelsklärare, Thailand 05–07. Engelsklärare, Kina 07–09. Vårdbiträde, Japan 09–11. Flygplatspersonal, Norge 11–12. Politisk sekreterare, Sveriges riksdag 15–18."
"Aydin","Yusuf","KD","Stockholms län","1982","Ekon. kand.","14","härledd 2001→2015","11","11","spann-summa","Gymnasieskola, Tumba, slutår 01 Ekon. kand., Stockholms Universitet 15. Studier i teknisk fysik, KTH, 02–06.","Redovisningsekonom 09–10. Riskanalytiker, 11–13. Riskkontroller, 14–16. Internrevisor, 16–18. Gruppchef riskmanagement, 18–22."
"Brandberg","Paulina","L","Stockholms län","1983","Jur.kand; utveckling.","2","härledd 2006→2008","14","14","spann-summa","Jur.kand, Lunds universitet 08. Studier i internationell och komparativ rätt, Suffolk Law School, Boston USA 06. Studier i internationell och kinesisk rätt, Hong Kong university 07–08. Fristående högskolekurser i psykologi, franska, portugisiska och barns utveckling.","Åklagare, Åklagarmyndigheten 10–22. Rättspolitisk expert, Liberalerna 22. Departementssekreterare Justitiedepartementet 18–19. Tingsnotarie, Helsingborgs tingsrätt 08–10. Biträdande jurist, Advokatfirman Lindahl 08."
"Carlsson","Christian","KD","Stockholms län","1987","Tingvallagymnasiet; bevakningssoldat; Juristexamen","6","härledd 2006→2012","4","8","spann-summa; 2 politiskt segment borträknat","Tingvallagymnasiet, Karlstad, slutår 06. Värnplikt, bevakningssoldat/insatssoldat, Beridna högvakten, Livgardet, Stockholm 06–07. Juristexamen, Stockholms universitet 12.","Lärarvikarie, högstadiet, Ilandaskolan, Karlstad 07–08. Butiksbiträde, Ica Sergels torg 07–08. Valombudsman, KD Värmland 10. Borgarrådsassistent, Kristdemokraterna, Stockholm 10. Arbetsrättslig rådgivare, Unionen 11–12. Politisk sekreterare, Solna 12–16. Politisk sekreterare, Stockholm 16. Utrikes- och försvarspolitisk sakkunnig, Kristdemokraternas riksdagskansli 19–21."
"Dadgostar","Nooshi","V","Stockholms län","1985","","10","härledd 2005→2015","5","5","spann-summa","Gymnasieskola, Schillerska gymnasiet, Göteborg, slutår 05. Studier på juristprogrammet, Stockholms universitet, 09–15.","Vårdbiträde, Göteborgs kommun 04–06. Förbundskassör, Ung Vänster, Stockholm 06–09."
"Damberg","Mikael","S","Stockholms län","1971","Förvaltningslinjen","","ett årtal (studietid ej härledbar)","4","4","spann-summa","Förvaltningslinjen, Stockholms universitet, slutår 00.","Politiskt sakkunnig, Försvarsdepartementet 95–97 och Statsrådsberedningen 97–99."
"Drougge","Ida","M","Stockholms län","1990","","5","härledd 2009→2014","9","9","spann-summa","Gymnasieskola, naturvetenskapliga programmet, Stockholm, slutår 09. Juristprogrammet, Uppsala universitet 11–14.","Butikspersonal, Ugglans Ur och Bokhandel, Tranås 03. Seglingsinstruktör, Lidingö Jolleseglare, Lidingö 04–09. Kansliassistent, MUF centrala kansli, Stockholm 07–09. VD-sekreterare, Ergoption AB, Stockholm 09–10. Parkarbetare, Newtime AB 11–13. Production manager, 922 Stories 11–12. Producer, 922 Stories 12–14."
"Enström","Karin","M","Stockholms län","1966","","9","härledd 1984→1993","2","2","spann-summa","Gymnasieskola, samhällsvetenskaplig linje, S:t Eskils skola, slutår 84. Marinens officershögskola, examen 87. Allmän kurs, Marinens krigshögskola 88. Högre kurs, Krigshögskolan 93. Fänrik, Vaxholms kustartilleriregemente 87, löjtnant 88, kapten 93.","Generalsekreterare, MUF 91–92. Politiskt sakkunnig, Näringsdepartementet 93–94."
"Hirvonen","Annika","MP","Stockholms län","1989","","","Utbildning saknas","","","Anställningar saknas","",""
"Jansson","Kjell","M","Stockholms län","1959","bygglagstiftning.","","inga årtal","27","27","spann-summa","Tvåårig gymnasieskola. Tentamen i bygglagstiftning.","Egen företagare 79–06."
"Kinnunen","Martin","SD","Stockholms län","1983","","7","härledd 2002→2009","6","6","spann-summa","Gymnasieskola, Skärholmen, slutår 02. Nationalekonomi, Stockholms universitet 09.","Partiassistent, Sverigedemokraterna, Stockholm 07–09. Bygghjälpare, Tuja, Aschaffenburg i Tyskland 10. Pressansvarig, Sverigedemokraterna 10–14."
"Kronlid","Julia","SD","Stockholms län","1980","inriktning; behandlingsarbete","13","härledd 1996→2009","9","9","spann-summa","Omvårdnadsprogrammet, Njudungs gymnasieskola i Vetlanda 96–99. Sociala omsorgsprogrammet, inriktning socialpedagogiskt behandlingsarbete, Örebro universitet 05–09.","Undersköterska (deltid), Mogärde servicehus, Vetlanda 97–99. Undersköterska (deltid), Karolinska sjukhuset, Stockholm 99–00. Elevassistent, Stefanskolan, Stockholm 00–02. Vårdare gruppbostad, Botkyrka kommun 02–03. Biståndsarbetare, SIL–Summer Institute of Linguistics, Papua Nya Guinea 04–05. Skötare, Allmänpsykiatrin, Örebro läns landsting 07–08. Behandlingsassistent, Runnagården Örebro, Statens institutionsstyrelse 08. Behandlingsassistent, Skäbo HVB-hem Staffansbo vård AB 09. Behandlingsassistent, Avd. 3 Allmänspsykiatrin, Örebro läns landsting 09–10."
"Köse","Serkan","S","Stockholms län","1976","","","Utbildning saknas","","","Anställningar saknas","",""
"Lasses","Anna","C","Stockholms län","1977","","","Utbildning saknas","","","Anställningar saknas","",""
"Lewerentz","Joanna","M","Stockholms län","1992","","","Utbildning saknas","","","Anställningar saknas","",""
"Lind","Amanda","MP","Stockholms län","1980","","10","härledd 1999→2009","3","6","spann-summa; 1 politiskt segment borträknat","Naturvetenskapliga programmet, Midskogsskolan, Luleå, slutår 99. Mänskliga rättigheter, Teologiska högskolan, Stockholm slutår 00. Psykologprogrammet, Umeå universitet, slutår 09.","Vik. lärare, elevassistent, lokalvårdare, kafébiträde 00–01. Leg. psykolog/PTP-psykolog, Barn- och ungdomspsykiatrin, Landstinget Västernorrland 09–11. Partisekreterare, Miljöpartiet 16–19."
"Lindahl","Fredrik","SD","Stockholms län","1987","","","ett årtal (studietid ej härledbar)","10","10","spann-summa","Teknikprogrammet, Täby, slutår 06.","Väktare/Skyddsvakt, 07–14. Kanslichef, Sverigedemokraterna Stockholms län 15–18."
"Lindefjärd","Christian","SD","Stockholms län","1976","","","Utbildning saknas","","","Anställningar saknas","",""
"Lundgren","Kerstin","C","Stockholms län","1955","Fil.kand.","","ett årtal (studietid ej härledbar)","26","37","spann-summa; 2 politiskt segment borträknat","Fil.kand., Uppsala universitet 78.","Gruppsekreterare, Södertäljecentern 78–80. Politisk sekreterare, Stockholms läns landsting 80–87. Pressekreterare, Centerpartiets ledning 87–91. Informationssekreterare 91. Politiskt sakkunnig, Miljödepartementet 92–94. Kommunalsekreterare, Centerpartiet 95–99. Förbundssekreterare, Centerkvinnorna 00–01. Utredare, Sveriges Kommuner och Landsting 01–18."
"Malm","Fredrik","L","Stockholms län","1977","","","ett årtal (studietid ej härledbar)","5","5","spann-summa","Gymnasieskola, Stockholm, slutår 97. Studier vid Uppsala universitet och Stockholms universitet.","Ledarskribent 01–02. Förbundsordförande, LUF 02–06."
"Malmqvist","Josefin","M","Stockholms län","1987","","7","härledd 2003→2010","14","14","spann-summa, pågående=2025","International Baccalaureate (IB), Malmö Borgarskola 03–06. BA (Hons) filosofi, statsvetenskap och nationalekonomi, University of Oxford, Oxford 07–10.","Kommunikationskonsult, Aspekta, 10–12. Borgarrådssekreterare, Stockholms stadshus, 12–14. Managementkonsult inom kris- och riskhantering, 4C Strategies, 15–."
"Melin","Martin","L","Stockholms län","1967","andraspråk","4","härledd 1989→1993","34","34","spann-summa, pågående=2025","Engelska som andraspråk, University of Southern Mississippi 89. Polishögskolan 91–93.","Polismyndigheten 91–."
"Nylund Watz","Ingela","S","Stockholms län","1962","Jönköping","","ett årtal (studietid ej härledbar)","23","25","spann-summa; 1 politiskt segment borträknat","Gymnasieskola, Jönköping, slutår 81.","Ombudsman, SSU Jönköping 81–83. Ombudsman, SSU-förbundet, Stockholm 83–86. Politisk sekreterare, Södertälje kommun 86–88. Tjänsteman, vd-staben, AB Telgebostäder, Södertälje 89–90. Politiskt sakkunnig, Justitiedepartementet 90–91. Ombudsman, Stockholms läns socialdemokratiska partidistrikt 93–94. 1:e ombudsman, Stockholms läns socialdemokratiska partidistrikt 94–98. Heltidsarvoderad förtroendevald, Stockholms läns landsting 99–02. Landstingsråd, Stockholms läns landsting 99–02. Finanslandstingsråd, Stockholms läns landsting 02–06. Landstingsråd, Stockholms läns landsting 06–10."
"Nysmed","Leif","S","Stockholms län","1970","lärlingsutbildning; ombudsmannautbildning","","inga årtal","21","21","spann-summa","Gymnasiekompetens, komvux och Långholmens folkhögskola. Traditionell lärlingsutbildning, träarbetare, LO:s ombudsmannautbildning, Brunnsvik.","Sörmans frisörsalong 86. Postgirot 87–88. HN-bygg 89–90. NCC AB 90–94. Kungsmontage 94. Tormunds Bygg 95. Byggettan 96. Skanska AB 99. JM entreprenad AB 99–00. Byggettan 00–14."
"Ottoson","Erik","M","Stockholms län","1989","Huddinge","","ett årtal (studietid ej härledbar)","3","3","spann-summa","Sjödalsgymnasiet, Huddinge, slutår 09. Studier i statsvetenskap och nationalekonomi, Stockholms universitet, ej avslutade.","Truckförare, Academic Work 09–10. Projektsekreterare med ansvar för valet, Moderaterna i Huddinge kommun 10. Lagerarbetare/truckförare, Academic Work 11. Trafiklandstingsrådssekreterare, Stockholms läns landsting 12–14. Finanslandstingsrådssekreterare, Stockholms läns landsting 15."
"Palmstierna","Amanda","MP","Stockholms län","1977","Fil.kand.","","inga årtal","1","1","spann-summa","Landskapsarkitekt, Sveriges lantbruksuniversitet. Fil.kand., statsvetenskap, Uppsala universitet.","Miljösamordnare, Länsstyrelsen i Stockholms län. Utredningssekreterare. Handläggare, Naturvårdsverket. Utredare, Stockholm Environmental Institute. Oppositionsråd, Järfälla kommun 18-19."
"Reuterskiöld","Adam","M","Stockholms län","1966","Civilekonomexamen","6","härledd 1986→1992","33","33","spann-summa, pågående=2025","Bromma gymnasium, Stockholm slutår 86. Civilekonomexamen, Stockholms universitet 92.","Busschaufför, SL 88–89. Underwriter, KFF kreditförsäkringar 90–91. Processkonsult, Ericsson Data AB 92–94. Deputy director, Ericsson Philippines 95–96. Sales manager, Ericsson Radio Systems 96–97. Director Sales, Ericsson Radio Systems Singapore 97–98. Director Sales, Ericsson Radio Systems Malaysia 99. VP Sales, Ericsson Internet Applications 99–00. Lantbrukare, Stafsunds gård 00–."
"Riazat","Daniel","-","Stockholms län","1991","","","ett årtal (studietid ej härledbar)","","","Anställningar saknas","Gymnasieskola, Falun, slutår 10. Studier på samhällsvetarprogrammet, Högskolan Dalarna.",""
"Rojhan","Azadeh","S","Stockholms län","1986","","","Utbildning saknas","","","Anställningar saknas","",""
"Selin","Markus","S","Stockholms län","1978","","","Utbildning saknas","","","Anställningar saknas","",""
"Stenkvist","Robert","SD","Stockholms län","1958","Fritidspedagogutbildning","","inga årtal","","","inga daterade spann","Fritidspedagogutbildning, Mitthögskolan.","Fritidspedagog, Östersunds kommun och Botkyrka kommun. Vårdbiträde. Arbete vid flyttfirma m.m."
"Stockhaus","Maria","M","Stockholms län","1963","","","Utbildning saknas","","","Anställningar saknas","",""
"Tegnér","Mathias","S","Stockholms län","1979","Fil.kand.","10","härledd 1998→2008","9","9","spann-summa","Gymnasieskola, Tyresö, slutår 98. Fil.kand. historia, Stockholms universitet 00–02. Civilekonom, Handelshögskolan 05–08.","Reseledare, Fritidsresor, 03–05. Busschaufför (extra), Swebus 05–08. Accounting Controller, Hennes & Mauritz AB 09–10, Accounting Manager 10–13 och Head of Corporate Accounting 14."
"Thuresson","Magdalena","M","Stockholms län","1990","förvaltning","","ett årtal (studietid ej härledbar)","9","12","spann-summa; 2 politiskt segment borträknat","Gymnasieskola, Norrtälje, slutår 09. Studier i politik och förvaltning, idéhistoria och praktisk retorik, Stockholms universitet.","Kafébiträde, Café Hörnan, Norrtälje 06–09. Våningsvärdinna, Hotell Radisson Blu 09–10. Kafébiträde, Brödboden 10–11. Ombudsman, Moderata ungdomsförbundet, Stockholm 11–12. Chefsombudsman, Moderata ungdomsförbundet, Stockholm 12–14. Vd-assistent, Amasten Fastighets AB 14–18."
"Vikström","Anna","S","Stockholms län","1957","katastrofutbildning; Kandidatexamen; Med. dr","33","härledd 1978→2011","47","47","spann-summa, pågående=2025","Leg. sjuksköterska 78. Leg. barnmorska 81. Bistånds- och katastrofutbildning 84. Databas- och informationsarkitekt 01. Kandidatexamen, Karolinska Institutet 05. Magister i hälsoinformatik, Karolinska Institutet 05. Med. dr, Karolinska Institutet 11.","Undersköterska 76–77. Leg. sjuksköterska 78–81. Barnmorska, Danderyds sjukhus 81–97. Facklig företrädare (heltid) 89–96. Programansvarig, Huddinge universitetssjukhus 98–02. Sektionschef, projektledare, medicininformatiker 02–13. Forsknings- och forskarassistent (deltid) 05–15, extern handledare/examinator 17–18, Karolinska Institutet. Anknuten forskare, Karolinska institutet 12–23. Medicininformatiker, it-/informationsarkitekt Region Stockholm 12–."
"Völker","Alexandra","S","Stockholms län","1989","","","Utbildning saknas","","","Anställningar saknas","",""
"Westlund","Åsa","S","Stockholms län","1976","Fil.mag.","4","härledd 1997→2001","2","24","spann-summa, pågående=2025; 1 politiskt segment borträknat","Fil.mag., statsvetenskap, 00. Juridikstudier, Göteborgs universitet 97–01.","Politiskt sakkunnig, Utbildningsdepartementet 01. Förbundsordförande, S-studenter 01–03. Politisk sekreterare, Socialdemokraternas partistyrelse 03–."
"Yurkovskiy","Leonid","SD","Stockholms län","1995","","","Utbildning saknas","","","Anställningar saknas","",""
"af Sillén","Anna","M","Södermanlands län","1976","","","Utbildning saknas","","","Anställningar saknas","",""
"Amloh","Sofia","S","Södermanlands län","1986","","","Utbildning saknas","","","Anställningar saknas","",""
"Ekström","Hans","S","Södermanlands län","1958","Ämneslärarexamen","5","härledd 1977→1982","10","10","spann-summa","Gymnasieskola, naturvetenskaplig linje, S:t Eskils skola i Eskilstuna, slutår 77. Ämneslärarexamen (historia, samhällskunskap och religion), slutår 82.","Lärare, Eskilstuna kommun 82–92."
"Eriksson Falk","Mattias","SD","Södermanlands län","1990","Yrkesutbildning","10","härledd 2010→2020","2","2","spann-summa; 1 politiskt segment borträknat","Gymnasieskola, fordonsprogrammet, Borgarskolan, Gävle, slutår 10. Yrkesutbildning, Komvux Gävle, slutår 12. Juridisk översiktskurs, Uppsala universitet, 19–20.","Lastbilschaufför, JB Fraktkonsult AB, 11. Busschaufför, Nobina Sverige AB 12. Busschaufför, Nettbuss Stadsbussarna AB 12–13. Busschaufför, KR trafik AB 14–15. Valorganisatör, Sverigedemokraterna Gävleborg 14. Politisk sekreterare, Region Gävleborg 19."
"Helmersson Olsson","Caroline","S","Södermanlands län","1963","","","ett årtal (studietid ej härledbar)","21","43","spann-summa, pågående=2025; 1 politiskt segment borträknat","Gymnasieskola, vårdlinjen, Katrineholm, slutår 82.","Undersköterska/vårdbiträde, Vingåkers kommun 82–03. Projektsamordnare, Vingåkers kommun 98–99. Assistent, Vingåkers kommun 99–02. Föreståndare, Vingåkers kommun 00. Bitr. områdeschef, Vingåkers kommun 02. Ombudsman, Socialdemokraterna 03–."
"Johansson","Martina","C","Södermanlands län","1975","","9","härledd 1991→2000","20","23","spann-summa; 1 politiskt segment borträknat","Grundskola, Hagaskolan, Alvesta, slutår 91. Gymnasieskola, Vårdgymnasiet, Växjö 91–93. Komvux, Domarhagsskolan, Avesta 96–97. Sociala omsorgsprogrammet, Eskilstuna 97–00.","Ombudsman, Centerparties ungdomsförbundDalarna 93–96. Hemtjänstchef, Trosa Kommun 2000–2002. Verksamhetschef hemtjänst, Attendo Care AB 03–06. Verksamhetschef Hemtjänst, HSB Omsorg AB 06–08. Kvalitetsutvecklare, HSB Omsorg AB 08–09. Säljare, utbildare, konsult, Avista Time AB 09–15."
"Johnsson Fornarve","Lotta","V","Södermanlands län","1956","vuxenutbildning.; Fritidspedagogutbildning; Folkhögskolelärarutbildning; Linköpings; Fil.kand.","","inga årtal","18","18","spann-summa","Grundskola, kommunal vuxenutbildning. Gymnasieskola. Fritidspedagogutbildning, Lärarhögskolan, Stockholm. Folkhögskolelärarutbildning, Linköpings universitet. Fil.kand., socialantropologi, Linköpings universitet.","ISAK, Isolera Sydafrika Kommittén, internationell sekreterare 76–94. Sfi-lärare, Norrköpings kommun och Nyköpings kommun –14."
"Lakso","Linus","MP","Södermanlands län","1983","","","Utbildning saknas","","","Anställningar saknas","",""
"Lifvenhage","Ann-Sofie","M","Södermanlands län","1976","","","Utbildning saknas","","","Anställningar saknas","",""
"Marttinen","Adam","SD","Södermanlands län","1983","","","Utbildning saknas","","","Anställningar saknas","",""
"Olovsson","Fredrik","S","Södermanlands län","1973","","","Utbildning saknas","","","Anställningar saknas","",""
"Ahlstedt","Fredrik","M","Uppsala län","1968","Enköping; utbildningar; certifieringar","25","härledd 1987→2012","33","33","spann-summa","Gymnasieskola, samhällsvetenskaplig linje, Westerlundska gymnasiet, Enköping, slutår 87. Studier på samhällsvetarprogrammet, Uppsala universitet 92–95. IT-utbildningar med certifieringar under perioden 89–12.","Chefsbefattningar och vd, WM-Data AB 89–12. Kommunalråd, Enköpings kommun 99–02. Kommunalråd, Uppsala kommun 12–22."
"Deremar","Catarina","C","Uppsala län","1965","","","ett årtal (studietid ej härledbar)","26","26","spann-summa","Gymnasieskola, Tierp, slutår 83.","Kokerska, Kungsgärdets sjukhus, Uppsala 83–85. Kokerska, husmor, konferensansvarig Wiks folkhögskola. Kock, Nordbanken Uppsala. Föreståndarassistent, Juvel personalrestauranger, Kvarnholmen. Chef, Brukshotellet, Erasteel Kloster AB, Söderfors 93–03. Oppositionsråd, Tierps kommun 03–17."
"Kumpula","Kent","SD","Uppsala län","1975","","","Utbildning saknas","","","Anställningar saknas","",""
"Lantz","Gustaf","S","Uppsala län","1981","","","Utbildning saknas","","","Anställningar saknas","",""
"Lennström","Sanne","S","Uppsala län","1988","Lärarutbildning; Fil. kand.","","ett årtal (studietid ej härledbar)","","","Anställningar saknas","Lärarutbildning i samhällskunskap och historia, Uppsala universitet, slutår 12. Fil. kand., statsvetenskap, Uppsala universitet.",""
"Nordquist","Lina","L","Uppsala län","1977","apotekarexamen; doktorsexamen","15","härledd 1996→2011","16","16","spann-summa","Gymnasieskola, naturvetenskaplig linje, slutår 96. Företagsekonomi A 00, juridisk översiktskurs 00, apotekarexamen 01, doktorsexamen i fysiologi 07, docent i fysiologi vid Uppsala universitet 11.","Apoteket AB 01. Doktorand, Uppsala universitet 02–07. Forskare och universitetslärare, Uppsala universitet 07–13. Stipendiat och gästforskare, Georgetown University, USA i omgångar 05–10. Postdoktor, Hokkaido University, Japan 08. Landstingsråd/regionråd, Uppsala 13–18."
"Olsson","Stefan","M","Uppsala län","1968","Fil.kand.; fil.mag.; fil.dr","8","härledd 1992→2000","31","31","spann-summa, pågående=2025","Fil.kand. 92, fil.mag. 94 och fil.dr i statskunskap, Uppsala universitet 00.","Doktorand 94–00. Forskare, Institutet för framtidsstudier 00–02 och Uppsala universitet 00–06. Säkerhetspolitisk analytiker, Totalförsvarets forskningsinstitut 06–12. Chef, Tankesmedjan Frivärld 12–15. Frilansskribent 15–."
"Oscarsson","Mikael","KD","Uppsala län","1967","","","Utbildning saknas","","","Anställningar saknas","",""
"Perez","David","SD","Uppsala län","1990","Skandinaviska; Madrid; Groningen; Fil.kand.","3","härledd 2008→2011","","3","spann-summa; 1 politiskt segment borträknat","Skandinaviska skolan i Madrid, slutår 08. Rijksuniversiteit Groningen, Nederländerna, Erasmus 11. Fil.kand. företagsekonomi, Uppsala universitet.","Konsult/it-support, SEB 14. Politisk sekreterare, Uppsala kommun, 15–18."
"Risberg","Jacob","MP","Uppsala län","1972","andra","12","härledd 1991→2003","20","20","spann-summa","Brinellskolan, Fagersta, slutår 91. Musiklinjen, Sjöviks folkhögskola, Folkärna, 93–97. Statskunskap, freds- och konfliktkunskap samt andra småkurser, Uppsala universitet 97–03.","Musiklärare vik., Uppsala Waldorfskola, Uppsala 02–04. Informatör vik., Musik i Uppland, Uppsala 04–05. Assistent och orkesterinspicient, Musik i Uppland, Uppsala 05-08. Ekumenisk följeslagare, Sveriges Kristna Råd, Palestina 08. Informatör, Sveriges Kristna Råd, Duvbo 08–09. Klimatpolitisk handläggare samt policyhandläggare för Mellanöstern, Svenska kyrkans internationella avdelning, Uppsala 09-14. Pr-konsult, Westander, Stockholm, 14–22."
"Shekarabi","Ardalan","S","Uppsala län","1978","","","Utbildning saknas","","","Anställningar saknas","",""
"Sjöblom","Inga-Lill","S","Uppsala län","1959","Barnskötarutbildning; Vårdarinneutbildning","4","härledd 1977→1981","","","inga daterade spann","Gymnasieskola, Uppsala, slutår 77. Barnskötarutbildning, slutår 80. Vårdarinneutbildning 81.","Vårdarinna, landstinget Uppsala/Uppsala kommun 77. Boendeassistent, Uppsala kommun."
"Szatmári Waldau","Ilona","V","Uppsala län","1962","Fil.kand.","","ett årtal (studietid ej härledbar)","36","36","spann-summa","Fil.kand., Uppsala universitet. Grundkurs i journalistik, Poppius Journalistskola 88.","Korrekturläsare/telefonmottagare, Västgötademokraten 80–81. Barnskötare, Borås kommun 81–82. Sjukvårdsbiträde, Älvsborgs läns landsting 82–83. Telefonmottagare, arkivare, familjeredaktör, Borås Tidning 84. Korrekturläsare, Upsala Nya Tidning, vikariat 85–91. Studiestödsutredare, CSN, 91–18, tjänstledig från 97. Borgarrådssekreterare, Stockholms kommun 97–06. Kommunalråd, Uppsala 06–18."
"Bäckström","Daniel","C","Värmlands län","1975","","","Utbildning saknas","","","Anställningar saknas","",""
"Dahlqvist","Mikael","S","Värmlands län","1967","","","inga årtal","37","37","spann-summa, pågående=2025","Vårdlinjen, Älvstrandsgymnasiet. Hälso-och sjukvårdslinjen, Hälsohögskolan Falun. VUB öppen hälso- och sjukvårdslinje, Karlstad. Folkhälsovetenskap, Nordiska Hälsovårdshögskolan, Göteborg.","Sjukskötare/distriktsskötare, Landstinget i Värmland 88–03. Områdeschef, äldreomsorgen, Hagfors kommun 03–."
"Elofsson","Blåvitt","S","Värmlands län","1953","","","Utbildning saknas","","","Anställningar saknas","",""
"Filper","Runar","SD","Värmlands län","1964","anläggningsteknisk; tråddragare","29","härledd 1980→2009","12","16","spann-summa; 1 politiskt segment borträknat","Snickare, bygg- och anläggningsteknisk linje på Nobelgymnasiet, Karlstad 80–82. Allmän värnplikt, Signalist och tråddragare på I2 i Karlstad 83–84. Allmän linje, Gävle folkhögskola 89. Gymnasiekompetens, italienska, Statens skola för vuxna, Härnösand 90–91. Italienska språket, italiensk nutidshistoria, litteratur och kultur, Universitá per Stranieri, Perugia i Italien 92. Ubefaren skibsassistent (lättmatros), Nyborgs sjöfartsskola på Fyn, Danmark 96. Klarälvsdalens folkhögskola i Sunne 97–98, 00. Statsvetenskap A och Kulturgeografi A, Karlstads universitet 08–09.","Arbetscentralen, Sunne kommun 82–83. Parkarbetare, Sunne kommun 84. Biblioteksassistent, Sunne kommunbibliotek 86. Plastsvetsare, Lesjöfors Plast AB 87. Mjölarbetare, Engelhardt & Co AB, Västra Frölunda 90. Fastighetsskötare, Familjebostäder AB i Göteborg 90. Museiassistent på foto- och samlingsavdelningen, Murberget, Västernorrlands länsmuseum, Härnösand 95. Trädgårdsarbetare, Johnnys Blommor i Sunne 97. Metallarbetare, Samhall AB 98–07. Jordbruksarbetare, Östra Ämtervik, 07–08. Regional valorganisatör, Sverigedemokraterna 09–10. Riksombudsman, Sverigedemokraterna 10–14."
"Larsson","Lars Mejern","S","Värmlands län","1965","anläggning","","ett årtal (studietid ej härledbar)","21","21","spann-summa","Gymnasieskola, bygg och anläggning, Karlstad, slutår 83.","Posten, Tomteboda och Karlstad 85–87. Snickare, Diös/Siab i Karlstad 87–95. Ombudsman, Bygg 29:an i Värmland 95–06."
"Lund Kopparklint","Marléne","-","Värmlands län","1973","","","Utbildning saknas","","","Anställningar saknas","",""
"Ottosson","Kjell-Arne","KD","Värmlands län","1975","","21","härledd 1991→2012","20","20","spann-summa","Samhällsvetenskaplig linje, Solbergaskolan, Arvika 91–94. Grundskollärarprogrammet, Högskolan i Karlstad, 95–98. Norsk 1, Høgskolen i Østfold, Halden 11–12.","Grundskollärare, Årjängs kommun 98–09. Adjunkt, Rømskog skole 09–18."
"Quensel","Charlotte","SD","Värmlands län","1961","","","Utbildning saknas","","","Anställningar saknas","",""
"Resare","Magnus","M","Värmlands län","1987","","","Utbildning saknas","","","Anställningar saknas","",""
"Skönnbrink","Sofia","S","Värmlands län","1991","Förvaltningsrätt","5","härledd 2010→2015","12","12","spann-summa, pågående=2025","Gymnasieskola, naturvetenskapligt program, Arvika, slutår 10. Etologi- och djurskyddsprogrammet, Sveriges Lantbruksuniversitet i Skara, slutår 13. Förvaltningsrätt och djurskydd i teori och praktik, Linnéuniversitetet, slutår 14. Biologi i praktiken, Karlstads universitet, slutår 15.","Vårdbiträde, Eda kommun 13–15. Montör, Fundo Components AB 13–15. Miljö- och hälsoskyddsinspektör, Eda Kommun 15–."
"Svenneling","Håkan","V","Värmlands län","1985","","","Utbildning saknas","","","Anställningar saknas","",""
"Andersson Garpvall","Pontus","SD","Västerbottens län","1992","Helsingborg","3","härledd 2011→2014","7","13","spann-summa; 2 politiskt segment borträknat","Gymnasieskola, Pro Civitas, Helsingborg, slutår 11. Studier vid Lunds universitet 11–12 och Malmö högskola 13–14.","Truckförare, Swedfruit, Helsingborg 07–13. Truckförare, Saba frukt och grönt, Helsingborg 13. Chaufför, Swedlog, Helsingborg 13–14. Politisk sekreterare, Malmö stad 15–18. Politisk sekreterare, Helsingborgs stad 18–21."
"From","Isak","S","Västerbottens län","1967","modulutbildning; utbildningar","30","härledd 1985→2015","40","40","spann-summa, pågående=2025","Gymnasieskola, drifts- och underhållsteknisk linje, Sven Winqvists gymnasium, Göteborg, slutår 85. AMU Gällivare, modulutbildning tunga fordon 93. Fackliga och politiska utbildningar under 15 år.","Montör, Volvo Personvagnar AB 85–88. Varierande drift- och borrningsarbeten, TGB-koncernen 88–00. Bergarbetare, Renfors åkeri 00–03. Driftstekniker, Extena 03–."
"Karlsson","Åsa","S","Västerbottens län","1973","Lärarexamen","16","härledd 1991→2007","","","inga daterade spann","Gymnasieskola, Barn och ungdom, Balderskolan, Skellefteå, slutår 91. Lärarexamen, Mittuniversitetet 07.","Barnskötare, Skellefteå kommun. Lärare, Bobysands miljöskola. Lärare, Skellefteå kommun."
"Lindahl","Helena","C","Västerbottens län","1972","","","Utbildning saknas","","","Anställningar saknas","",""
"Nordborg","Gudrun","V","Västerbottens län","1946","Jur.kand.","4","härledd 1965→1969","41","41","spann-summa","Gymnasium, Karlshamn, slutår 65. Jur.kand., Lunds universitet 69.","Tingsnotarie vid Umebygdens tingsrätt 70–72. Hovrättsfiskalsaspirant vid Hovrätten för övre Norrland 72–73. Hovrättsfiskal vid Hovrätten för övre Norrland 73. Lektor i rättsvetenskap vid Socialhögskolan i Umeå 74–77. Universitetslektor vid juridiska institutionen, Umeå universitet 77–98. Informationschef vid Brottsoffermyndigheten 99-13."
"Pettersson","Helén","S","Västerbottens län","1972","","2","härledd 1993→1995","14","14","spann-summa","Brunnsviks folkhögskola 93–95.","Hotellstäderska, Umeå 88–93. Ombudsman, Hotell- och restaurangfacket 97–98. Ombudsman, LO 98–06."
"Riedl","Edward","M","Västerbottens län","1976","","","inga årtal","","","inga daterade spann","Storebro Båtbyggarskola. Umeå universitet.","Industriarbete. Säljare. Taxichaufför."
"Seye Larsen","Nils","MP","Västerbottens län","1980","","","Utbildning saknas","","","Anställningar saknas","",""
"Wiechel","Björn","S","Västerbottens län","1983","Pol.mag.","7","härledd 2002→2009","11","13","spann-summa; 1 politiskt segment borträknat","Gymnasieskola, Umeå, slutår 02. Pol.mag., kulturgeografi, Umeå universitet 05–09.","Butiksbiträde, Clas Ohlson, Umeå 01–12. Bartender, Lottas Krog, Umeå 08–11. Gymnasielärare, Umeå Waldorfskola 09–11. Politisk sekreterare, Västerbottens läns landsting, 12–14."
"Berglund","Jörgen","M","Västernorrlands län","1974","Linköping","","inga årtal","","","inga daterade spann","Samhällsvetenskaplig linje, Hedbergska gymnasiet, Sundsvall. Europaprogrammet, Mittuniversitetet, Sundsvall. Stridsskola Nord, Officershögskolan, Umeå Stridsskola Mitt, Officershögskola, Linköping/Kvarn MHS, Militärhögskolan, KHS AK i Östersund MSS, Militärhögskolan, Skövde. Enstaka kurser, Umeå universitet, Mittuniversitetet och Högskolan i Gävle.","Sommar- och helgjobb inom restaurang/kök. MUF-ombudsman, Sundsvall. Yrkesofficer, Östersund. Partiombudsman, Sundsvall. Affärsområdeschef, Stockholm. Kommunalråd, Sundsvall."
"Björk","Peder","S","Västernorrlands län","1975","","","Utbildning saknas","","","Anställningar saknas","",""
"Hedberg","Peter","S","Västernorrlands län","1990","Lärarutbildning","8","härledd 2006→2014","11","11","spann-summa, pågående=2025","Gymnasieskola, samhällsvetenskapligt program, Ådalsskolan, Kramfors 06–09. Lärarutbildning, Umeå universitet, slutår 14.","Gymnasielärare, Ådalsskolan, Kramfors kommun 14–."
"Hellhoff","Mats","SD","Västernorrlands län","1954","","","Utbildning saknas","","","Anställningar saknas","",""
"Larsson","Malin","S","Västernorrlands län","1980","Pol.mag.; Statsvetarexamen","6","härledd 1999→2005","29","29","spann-summa, pågående=2025","Grundskola, Matfors skola. Gymnasieskola, Västermalms gymnasium, Sundsvall, slutår 99. Pol.mag.-programmet, Umeå universitet 00–02. Statsvetarexamen, Mittuniversitetet 05.","Butiksanställd, Biltema 96–99. Lärarvikarie, Matfors skola 99–01. Banktjänsteman, SEB 01–10. Kronoinspektör, Kronofogdemyndigheten 10–."
"Lindholm","Ulf","SD","Västernorrlands län","1963","","","Utbildning saknas","","","Anställningar saknas","",""
"Mixter","Isabell","V","Västernorrlands län","1989","","5","härledd 2008→2013","10","10","spann-summa","Gymnasieskola, Östersund, slutår 08. Samhällsvetarprogrammet, Mittuniversitetet, Sundsvall, slutår 13.","Växeltelefonist, Arbetsförmedlingen 09–10. Handläggare, Kronofogden 13–18. Gruppledare för Vänsterpartiet, Region Västernorrland 18–20. Gruppledare för Vänsterpartiet, Sundsvalls kommun 20–22."
"Sjölund","Anne-Li","C","Västernorrlands län","1966","Barnskötarutbildning.","","ett årtal (studietid ej härledbar)","37","37","spann-summa, pågående=2025","Gymnasieskola, Sundsvall, slutår 84. Barnskötarutbildning.","Förskola/fritidshem 85–87, Sundsvalls kommun. Trafikrestauranger 87–89. Restaurang 89–96. Företagare 96–02. Butik/lagerchef 03–14. Verksamhetsutvecklare SV 15–18. Ombudsman 19–."
"Strömberg","Anna-Belle","S","Västernorrlands län","1965","Fritidsledarutbildning; idrotts","","inga årtal","30","30","spann-summa, pågående=2025","Gymnasieskola, Örnsköldsvik. Fritidsledarutbildning med idrotts- och friluftsliv som profil, Mellansels folkhögskola.","Fritidsledare, Örnsköldsvik 85–86 och elevassistent 96–."
"Damsgaard","Mikael","M","Västmanlands län","1976","Fil.mag.","16","härledd 1995→2011","20","22","spann-summa, pågående=2025; 1 politiskt segment borträknat","Samhällsvetenskaplig linje, Rudbeckianska gymnasiet, Västerås, slutår 95. Värnplikt som kompanibefäl, A8, Boden, 96–97. Universitetsstudier, Mälardalens högskola, Stockholms universitet och Örebro universitet 98–04. Fil.mag., företagsekonomi, Stockholms universitet 11.","Politisk sekreterare, Västerås kommun 98–00. Personalhandläggare, Försvarsmakten, 04–06. Personalsekreterare, Mora kommun, 06. Kommunalråd, Västerås 06–14. HR-konsult, Stockholms kommun, 15–."
"Eriksson","Åsa","S","Västmanlands län","1972","Grundskollärarexamen","","ett årtal (studietid ej härledbar)","12","12","spann-summa","Grundskollärarexamen åk 4–9 So, Uppsala universitet 98.","Grundskollärare S:t Olofs högstadieskola, Sigtuna 98–99. Utbildningskonsult, Brana AB/Bewator AB 99–01. Säljare, Iquity Systems 01–03.3 Projektledare Kolbäcksådalens Gymansieförbund 03–04. Ansvarig tjänsteman Södra Dalarnas Samordningsförbund 05–11."
"Högström","Caroline","M","Västmanlands län","1991","Lärarutbildning; åldrar; inriktning; språkutveckling","","ett årtal (studietid ej härledbar)","18","18","spann-summa, pågående=2025","Lärarutbildning, lärare tidiga åldrar, inriktning språk och språkutveckling, Mälardalens högskola, slutår 14.","Restaurangbiträde 07–14. Vårdbiträde, Västerås 10. Förskollärare, Västerås 14–."
"Johansson","Lena","S","Västmanlands län","1969","","","Utbildning saknas","","","inga daterade spann","","Enhetschef, Kultur- och fritidsförvaltningen, Köpings kommun. Svenska Röda Korset. Resurscentrum för kvinnor. LRC-KAK. Projektansvarig för ALU-Köping."
"Lundberg","Angelica","SD","Västmanlands län","1981","Jönköping","12","härledd 1988→2000","","","Anställningar saknas","Grundskola, Jönköping 88–97. Gymnasieskola, Jönköping 97–00.",""
"Sjöstedt","Oscar","SD","Västmanlands län","1981","","","Utbildning saknas","","","inga daterade spann","","."
"Thorell","Olle","S","Västmanlands län","1967","","","Utbildning saknas","","","Anställningar saknas","",""
"Tsouplaki","Vasiliki","V","Västmanlands län","1980","","11","härledd 1996→2007","24","24","spann-summa, pågående=2025","Gymnasieskola, Europaprogrammet, Carlforsska gymnasiet, Västerås 96–99. Studier vid Uppsala universitet, Mälardalens högskola och Södertörns högskola 99–07.","Vikarie inom barnomsorg och skola 00–06. Lagerarbetare, Seelig, Morgongåva. Kassapersonal, Ullared 2/Karlssons i Morgongåva. Gymnasielärare, Rekarnegymnasiet i Eskilstuna, 07–."
"Alm","Ann-Sofie","M","Västra Götalands läns norra","1971","Enköping; gymnasieingenjör","","inga årtal","","","inga daterade spann","Westerlundska gymnasiet, Enköping, fyraårig teknisk linje. Fyrisskolan, Uppsala, gymnasieingenjör. Göteborgs universitet, folkhälsa, promotion. Diverse ledarskapskurser. Stockholms öppna universitet, juridisk översiktskurs.","Gymnasielärare, idrott, Westerlundska gymnasiet. Fastighetsförvaltare, säljare, restauatör, egen företagare och entreprenör."
"Enholm","Matheus","SD","Västra Götalands läns norra","1979","","","Utbildning saknas","","","Anställningar saknas","",""
"Gustafsson","Cecilia","M","Västra Götalands läns norra","1972","","","Utbildning saknas","","","Anställningar saknas","",""
"Jacobsson","Magnus","KD","Västra Götalands läns norra","1968","","","ett årtal (studietid ej härledbar)","21","21","spann-summa","Gymnasieskola, social linje, slutår 86. Studier i historia, internationella relationer och ekonomisk historia, Göteborgs universitet. Kyrkohistoria vid Newmaninstitutet.","Städare, Akademiska sjukhuset, 86–87. Terminalarbetare 87–88. Anställd, Securitas 88–96. Förbundsordförande, KDU 96–99. Kommunalråd, Uddevalla 06–14."
"Svensson","Jonathan","S","Västra Götalands läns norra","2000","","","Utbildning saknas","","","Anställningar saknas","",""
"Thunström","Louise","S","Västra Götalands läns norra","1973","","2","härledd 1995→1997","25","25","spann-summa, pågående=2025","Gymnasieskola, omvårdnadslinjen, Göteborg, slutår 1992. Högskolestudier i statsvetenskap, sociologi och organisationspsykologi, Högskolan Trollhättan/Uddevalla, 95–97.","Lärare, Tanums kommun 00–02, 04, ungdomsvägledare/ungdomsassistent/ungdomskonsulent 02–12, arbetsmarknadssamordnare 12–."
"Wiechel","Markus","SD","Västra Götalands läns norra","1988","","","Utbildning saknas","","","Anställningar saknas","",""
"Wiking","Mats","S","Västra Götalands läns norra","1961","","","Utbildning saknas","","","Anställningar saknas","",""
"Alftberg","Anders","SD","Västra Götalands läns södra","1973","","","Utbildning saknas","","","Anställningar saknas","",""
"Ericson","Jan","M","Västra Götalands läns södra","1961","Jur.kand.","","ett årtal (studietid ej härledbar)","22","22","spann-summa","Jur.kand., Göteborgs universitet 93.","SEB 86–08."
"Jönsson","Patrik","SD","Västra Götalands läns södra","1972","","","Utbildning saknas","","","Anställningar saknas","",""
"Kihlström","Ingemar","KD","Västra Götalands läns södra","1966","maskiningenjör; Högskoleingenjör","6","härledd 1982→1988","27","27","spann-summa","Gymnasieskola, teknisk maskiningenjör, Skara/Skövde 82–86. Högskoleingenjör 80p, Högskolan i Borås 86–88.","Konstruktör, Autoliv Vårgårda 89–91, projektledare, 94–02 och inköpare 02–18. Lärarvikarie, Gullhögskolan, Vårgårda 91–92."
"Larsson","Mikael","C","Västra Götalands läns södra","1989","","","ett årtal (studietid ej härledbar)","8","10","spann-summa; 1 politiskt segment borträknat","Barn- och fritidsprogrammet, Marks gymnasieskola, Kinna, slutår 08.","Barnskötare, Marks kommun 08–12. Verksamhetsutvecklare, Studieförbundet Vuxenskolan, Sjuhärad 12–16. Ombudsman, Centerpartiet Sjuhärad 16–18."
"Löberg","Petter","S","Västra Götalands läns södra","1968","","","Utbildning saknas","","","Anställningar saknas","",""
"Nilsson","Ulrik","M","Västra Götalands läns södra","1963","begynnelseutbildning; Reservofficersutbildning","11","härledd 1978→1989","26","26","spann-summa","Studier på kemiteknisk linje med fysisk begynnelseutbildning, Chalmers Tekniska Högskola, Göteborg 81–89. Naturvetenskaplig linje, Marks gymnasieskola, Skene 78–81. Reservofficersutbildning KA/Sjökrigsskolan, Näsbypark 84–86.","Ingenjör/sektionschef/projektledare, Statens Provningsanstalt/Sveriges Provnings- och Forskningsinstitut AB/Sveriges Tekniska Forskningsinstitut 88–98 och 07. Regionråd, Västra Götalandsregionen 98–06. Sektionschef/projektledare, RISE, Research Institutes of Sweden, 14–22."
"Rodén","Jessica","S","Västra Götalands läns södra","1976","Vuxenutbildningen","","inga årtal","17","17","spann-summa, pågående=2025","Vuxenutbildningen i Marks kommun. Högskolekurser inom handikappvetenskap, sociologi, pedagogik och ledarskap.","Stödassistent, Marks kommun 08–."
"Alm Ericson","Janine","MP","Västra Götalands läns västra","1973","","","Utbildning saknas","","","Anställningar saknas","",""
"Christiansson","Alexander","SD","Västra Götalands läns västra","1981","","","Utbildning saknas","","","Anställningar saknas","",""
"Farivar","Rashid","SD","Västra Götalands läns västra","1982","Kandidatexamen; Civilingenjörsexamen; Tekn. lic.","7","härledd 2004→2011","13","13","spann-summa","Kandidatexamen inom Elektroteknik, K. N. Toosi University of Technology, Teheran, Iran 04. Civilingenjörsexamen, Chalmers Tekniska Högskola, Göteborg 08. Tekn. lic., Chalmers Tekniska Högskola, Göteborg 11.","Doktorand, Chalmers tekniska högskola, Göteborg 08–11. Forsknings- och utvecklingsingenjör, Semcon Sweden AB, Göteborg 12–15. Forsknings- och utvecklingsingenjör, Volvo Car Corporation, Göteborg 15–22."
"Forslund","Kenneth G","S","Västra Götalands läns västra","1967","","","ett årtal (studietid ej härledbar)","3","9","spann-summa; 2 politiskt segment borträknat","Gymnasieskola, ekonomisk linje, slutår 86.","Utbildare, ABF Kungälv 91–94. Pressekreterare, Socialdemokraternas kansli, Stockholms läns landsting 95–97. Informationsombudsman, Socialdemokraterna i Västsverige 97–98 och Socialdemokraterna i Stockholms län 99–02."
"Gellerman","Helena","L","Västra Götalands läns västra","1960","Alingsås; Chefsutbildning; säljutbildning","26","härledd 1979→2005","41","41","spann-summa","Gymnasieskola, naturvetenskaplig linje, Alströmerskolan, Alingsås, slutår 79. Elektrotekniklinjen, Chalmers, examensår 84. Chefsutbildning, Volvo Corporate Management Program 97. IHM:s Volvo–Renaults säljutbildning 00. Ekonomisk historia, Göteborgs universitet 05","Nääs Kaffestuga, 75–84. Guide på Nääs slott, sommaren 77. Utvecklare/projektledare/gruppchef/stf. chef Eldivisionen, Volvo Personvagnar 84–00. Bilsäljare, Bilia Göteborg 00–04. Ansvarig Test Site Sweden, Lindholmen Science Park, Göteborg 06–07 Manager Fältdatainsamling av trafiksäkerhetsdata, SAFER at Chalmers, Lindholmen Science Park, Göteborg 07–18"
"Juntti","Ellen","M","Västra Götalands läns västra","1958","","13","härledd 1965→1978","39","39","spann-summa","Grundskola, Juoksengi och Övertorneå 65–74. Tornedals gymnasieskola, Haparanda 74– 76. Polisskolan, Ulriksdal, Stockholm 77–78.","Polisaspirant, Polisen Stockholm och Göteborg 78–80. Polisman, Polisen Göteborg 80–82. Kriminalinspektör, Polisen Göteborg, Polismyndigheten Västra Götaland och Ekobrottsmyndigheten i Göteborg 82–17."
"Järrebring","Joakim","S","Västra Götalands läns västra","1976","","","ett årtal (studietid ej härledbar)","34","34","spann-summa, pågående=2025","Gymnasieskola, Falun, slutår 95.","Butiksbiträde, Mathuset i Falun AB 91–97. Gjutare, Fix AB 97–05. Ombudsman, Vision 05–. Kommunalråd, Alingsås kommun 12–18."
"Nouri","Aylin","S","Västra Götalands läns västra","1992","Fil.kand.; Mastersexamen","9","härledd 2008→2017","3","3","spann-summa","Gymnasieskola, samhällsvetenskaplig linje ""Europa och världen"", Ingrid Segerstedts gymnasium, Göteborg 08–11. Fil.kand., Europaprogrammet, Göteborgs universitet 11–14. EU–China Relations and International Politics, Fudan University, Shanghai 12–13. Mastersexamen, European Studies, Göteborgs universitet 14–17. Fältstudier (Sida), Kina 17.","Affärsbiträde 10–12. Arbetsledare, Greenpeace 17–18."
"Rantsi","Johanna","M","Västra Götalands läns västra","1990","","9","härledd 2006→2015","10","10","spann-summa, pågående=2025","Styrsö högstadium, Styrsö, slutår 06. Fässbergsgymnasiet, Mölndal, slutår 09. Lärarprogrammet, Göteborgs universitet, Göteborg, slutår 15.","Gymnasielärare, Angeredsgymnasiet 15–."
"Tréville","Timothy","SD","Västra Götalands läns västra","1962","","","Utbildning saknas","","","Anställningar saknas","",""
"Utbult","Roland","KD","Västra Götalands läns västra","1951","Fil.kand.","","ett årtal (studietid ej härledbar)","34","34","spann-summa","Fil.kand., historia, Göteborgs universitet. Musikhögskolan. Lärarhögskolan, Mölndal, slutår 78.","Musiklärare, Uddevalla 71–74. Lärare i historia och musik, Uddevalla 78–89. Frilansmusiker 90–00. Kommunikatör, Göteborgs Räddningsmission 00–09 och Erikshjälpen 09–10."
"Wernäng","Jennie","M","Västra Götalands läns västra","1985","inriktning; räddningstjänst","3","härledd 2001→2004","1","1","spann-summa","Undersköterska med inriktning akutsjukvård och räddningstjänst 01-04.","Sanerare och sorterare av farligt gods, Heidelberg Cement 03–04. Laboratorieassistent, Reci industri AB 05, marknadsföringsassistent 06 och mottagningskoordinator/biträdande arbetsledare 07. Ordermottagare kundservice Stena Recycling AB 08 och kemrådgivare 14. Tf skolchef, Föräldrakooperativ Sjöstjärnan 13. Undersköterska Öckerö kommun 15 och 20 och renhålningsmottagare 20. Butiksmedarbetare Boutique LS KB 18. Konferensansvarig Aston Haralds Salonger 19."
"Wetterling","Jessica","V","Västra Götalands läns västra","1986","","","Utbildning saknas","","","Anställningar saknas","",""
"Ådahl","Anders","C","Västra Götalands läns västra","1972","Civilingenjör; Tekn.dr","","inga årtal","15","15","spann-summa","Gymnasieskola teknisk linje, Sven Erikssonskolan, Borås. Civilingenjör kemiteknik, Chalmers. Tekn.dr energi och miljö, Chalmers.","Energisystemanalytiker, Göteborg Energi, 05–07. Forsknings- och utvecklingschef, Göteborg Energi, 07–12. Styrkeområdesledare Energi, Chalmers, 12–17. Koncernstrateg, Chalmersstiftelsen 19–22."
"Andersson","Tobias","SD","Västra Götalands läns östra","1996","Ekonomexamen","3","härledd 2015→2018","3","3","spann-summa","Gymnasieskola, Skövde, slutår 15. Ekonomexamen, Handelshögskolan vid Göteborgs universitet 18.","Olika befattningar, Ica Tidan 12–15. Kundtjänst, SEB 16. Försäljare, Elgiganten Phone House 17. Nationell talesperson, Ungsvenskarna 18."
"Bergheden","Sten","M","Västra Götalands läns östra","1965","","","Utbildning saknas","","","Anställningar saknas","",""
"Björck","Patrik","S","Västra Götalands läns östra","1957","","","inga årtal","37","37","spann-summa","Grundskola, Göteborg. Gymnasieskola, samhällsvetenskaplig linje, Göteborg (ej fullständig).","Livsmedelsarbetare, Arla, Göteborg 75. Bryggeriarbetare, Pripps 78. Busschaufför, Göteborgs spårvägar 79. Sjukvårdsbiträde, Vasa sjukhus, Göteborg 80. Träindustriarbetare, Kinnarps kontorsmöbler, Falköping 85–22."
"Ekeroth Clausson","Ida","S","Västra Götalands läns östra","1991","Pol. kand.; Fil. mag.","11","härledd 2010→2021","13","13","spann-summa","Gymnasieskola, Samhällsprogrammet, Vadsbogymnasiet, Mariestad, slutår 10. Pol. kand. Karlstads universitet 14. Fil. mag., statsvetenskap, Örebro universitet 21.","Timanställningar inom handel, servering och vård 07–13. Lärare sfi, Mariestad 14–15. Handläggare, Migrationsverket, Mariestad 16–18. Oppositionsråd Mariestad 16–22."
"Ezelius","Erik","S","Västra Götalands läns östra","1986","Officersexamen","10","härledd 2002→2012","20","20","spann-summa, pågående=2025","Naturvetenskapligt program, Rudbecksgymnasiet, Tidaholm slutår 02. Officersexamen, Försvarshögskolan 12.","Lärarvikarie, Tidaholm 05–06. Timanställd på ungdomskafé, Tidaholm 05–. Vitvaruförsäljare, Tidaholm 06–09. Plutonchef, Skaraborgs regemente, Skövde 12–."
"Grubb","Jörgen","SD","Västra Götalands läns östra","1962","","","Utbildning saknas","","","Anställningar saknas","",""
"Heie","Ulrika","C","Västra Götalands läns östra","1965","Mellanstadielärarexamen","3","härledd 1983→1986","19","19","spann-summa","Mellanstadielärarexamen 83–86.","Lärare, Skövde kommun 86–02. Kommunalråd, Skövde 03–06."
"Hovskär","Dan","KD","Västra Götalands läns östra","1970","","","Utbildning saknas","","","Anställningar saknas","",""
"Nordström","Charlotte","M","Västra Götalands läns östra","1963","Katedralskolans; Civilekonomexamen; inriktning; marknadsföring","6","härledd 1982→1988","29","29","spann-summa, pågående=2025","Naturvetenskaplig linje, Katedralskolans gymnasium, Skara 82. Civilekonomexamen, inriktning marknadsföring, organisation och ledarskap, Handelshögskolan, Göteborg 88.","Egna företag PM Konsult 89–96. CJ Motell AB/VIP Skara Motell 90–91. Kunskap och Känsla HB 02–15. Nordströms i Skara AB 16–."
"Awad","Nadja","V","Örebro län","1991","","","Utbildning saknas","","","Anställningar saknas","",""
"Begic","Denis","S","Örebro län","1970","","","ett årtal (studietid ej härledbar)","24","29","spann-summa; 1 politiskt segment borträknat","Teknisk gymnasieskola, Bosanska Gradiska, slutår 88.","Städare, olika restauranger i Örebro, 89–90. Industriarbetare, Emba Machinery AB 90–11 Butiksbiträde, Ica Cityhallen Örebro, 11–13. Ombudsman, Socialdemokraterna Örebro, 13–18."
"Eklind","Hans","KD","Örebro län","1966","Teol. mag.","21","härledd 1984→2005","25","26","spann-summa; 1 politiskt segment borträknat","High School, USA, slutår 84. Gymnasieskola, Örebro, slutår 86. Teol. mag.-examen, Stockholm 05.","Telefonist, taxiväxel, Örebro 87–88. Ombudsman KDU och KDS, Örebro län 88–91. Förbundsordförande, KDU 92–96. Pressekreterare, Skattebetalarnas förening 96–97. Projektledare (lobbyist), Svensk Handel 98–99. Informationschef, Skattebetalarnas förening 00–02. Gruppledare, Kristdemokraterna, Nyköping 02–04. Komminister, Längbro församling, Örebro 06–13. Församlingsherde, Längbro församling, Örebro 13–18."
"Ernkrans","Matilda","S","Örebro län","1973","Högskoleexamen; högskoleexamen","10","härledd 1992→2002","11","11","spann-summa; 1 politiskt segment borträknat","Gymnasieskola, samhällsvetenskaplig linje, slutår 92. Högskole-/universitetsstudier i statsvetenskap, nationalekonomi och sociologi 95–02. Högskoleexamen, statskunskap och högskoleexamen, sociologi, Örebro universitet.","Köksbiträde, Hallsbergs kommun 91–93. Arbetsförmedlare, Hallsberg 93–02. Vårdbiträde, Hallsbergs kommun 97. Politisk sekreterare, Örebro läns landsting 98."
"Hansén","Camilla","MP","Örebro län","1976","","","Utbildning saknas","","","Anställningar saknas","",""
"Nilsson","Elin","L","Örebro län","1982","inriktning","","ett årtal (studietid ej härledbar)","12","12","spann-summa, pågående=2025","Rättsvetenskap med internationell inriktning, Örebro universitet 11.","Inspektör, Inspektionen för vård och omsorg 13–."
"Spiik","Daniel","SD","Örebro län","1977","","","Utbildning saknas","","","Anställningar saknas","",""
"Sundin","Karin","S","Örebro län","1972","Fil.kand.","11","härledd 1991→2002","12","24","spann-summa; 1 politiskt segment borträknat","Gymnasieskola, samhällsvetenskaplig linje, Visby, slutår 91. Fil.kand. i statskunskap, Örebro universitet 02.","Ledarskribent, Gotlands Tidningar 92–94 och Aftonbladet 94. Chefredaktör, Tvärdrag 95–97. Politisk redaktör, Nya Norrland 99. Frilansjournalist, Ordbehandlarna i Örebro 95–03. Utredare/gruppledare/pressekreterare, Länsstyrelsen i Örebro län 03–15. Konsult, Hegeli Public Affairs 15–17."
"Svärd","Oskar","M","Örebro län","1995","","","Utbildning saknas","","","Anställningar saknas","",""
"Söderlund","Per","SD","Örebro län","1972","","","Utbildning saknas","","","Anställningar saknas","",""
"Tolgfors","Katarina","M","Örebro län","1967","","","Utbildning saknas","","","Anställningar saknas","",""
"Vilhelmsson","Helena","C","Örebro län","1965","","10","härledd 1984→1994","","","inga daterade spann","Gymnasieskola samhällsvetenskaplig linje, Bregårdskolan, Karlskoga, slutår 84. Skogsteknikerlinjen, Skogsmästarskolan, Skinnskatteberg, examen 94.","Skogskonsulent, Skogsstyrelsen Örebro."
"Andersson","Jonas","SD","Östergötlands län","1989","Fil.kand.; Linköpings","10","härledd 2008→2018","","4","spann-summa; 1 politiskt segment borträknat","Naturvetenskapligt program, Rinmangymnasiet, Eskilstuna, slutår 08. Fil.kand., statsvetenskap, Linköpings universitet 18.","Diverse anställningar under och efter gymnasietiden, bland annat feriearbete på Mälarsjukhuset, Landstinget Sörmland 07. Politisk sekreterare, Linköpings kommun 11–14 och 17–18."
"Andersson","Johan","S","Östergötlands län","1961","utbildningar","18","härledd 1978→1996","45","45","spann-summa, pågående=2025","Grundskola, Skolgårda skola i Motala, slutår 78. Gymnasieskola, tvåårig vårdlinje, Vätternskolan i Motala, slutår 80. Ett flertal fackliga utbildningar inom LO och Kommunalarbetareförbundet 85–96.","Underskötare, Lasarettet i Motala 80–."
"Aranda","Clara","SD","Östergötlands län","1988","","","Utbildning saknas","","","Anställningar saknas","",""
"Carvalho","Teresa","S","Östergötlands län","1984","Norrköping; Pol.mag.; Linköpings","6","härledd 2003→2009","5","5","spann-summa","Hagagymnasiet, Norrköping, slutår 03. Pol.mag., Linköpings universitet 09.","Informatör, Byrån mot diskriminering 09–11. Informations- och föreningssamordnare, Riksbyggen 11–14."
"Dahlqvist","Chris","SD","Östergötlands län","1995","","","Utbildning saknas","","","Anställningar saknas","",""
"Demirok","Muharrem","C","Östergötlands län","1976","","","Utbildning saknas","","","Anställningar saknas","",""
"E Weinerhall","John","M","Östergötlands län","1995","Norrköping; Linköpings","6","härledd 2011→2017","8","8","spann-summa","Ekonomiprogrammet, Kunskapsgymnasiet, Norrköping 11–13. Komvux, Norrköping 15–16. Statsvetenskap, Linköpings universitet 17–. Kurser i religionsvetenskap och litteraturvetenskap, Linnéuniversitetet.","Lantarbetare, Bränntorp gård 10–15. Konsult, ML Resurs 13–15. Kommunikatör, Mediakonsulterna 13. Butikspersonal, Stockholms Dragspelsservice AB 13–18."
"Emilsson","Aron","SD","Östergötlands län","1990","Fil. kand.","4","härledd 2009→2013","9","9","spann-summa","Gymnasieskola, Lerum, slutår 09. Statsvetenskapens grunder, Göteborgs universitet 09. Fil. kand., kulturarvsstudier, Göteborgs universitet 13.","Kyrkogårdsvaktmästare, Starrkärr-Kilanda församling 05–12. Kyrkvaktmästare, Starrkärr-Kilanda församling 09–14. Kyrkoskrivare/administrativ assistent, Starrkärr-Kilanda församling 13–14."
"Karlson","Patrik","L","Östergötlands län","1987","","","Utbildning saknas","","","Anställningar saknas","",""
"Le Moine","Rebecka","MP","Östergötlands län","1990","Mastersexamen; Linköpings","","inga årtal","","","inga daterade spann","Mastersexamen, ekologi, Linköpings universitet.","Naturvårdskonsult."
"Lindh","Eva","S","Östergötlands län","1971","Socionomutbildning","4","härledd 1991→1995","30","30","spann-summa, pågående=2025","Socionomutbildning, Göteborgs universitet 91–95.","Socialsekreterare, Kinda kommun 95. Fältsekreterare, Finspångs kommun 95–00. Socialsekreterare, Norrköpings kommun 00–02. Skolkurator, Linköpings kommun 02–08. Skolkurator, Norrköpings kommun 08–."
"Löfstrand","Johan","S","Östergötlands län","1976","Fil.mag.; Fil.kand.","","inga årtal","1","1","spann-summa","Fil.mag., statistik. Fil.kand., nationalekonomi.","Livsmedelsarbetare 93–94."
"Nordström","Susanne","M","Östergötlands län","1963","","","Utbildning saknas","","","Anställningar saknas","",""
"Norlén","Andreas","M","Östergötlands län","1973","Affärsjuridisk magister; Linköpings; Jur.kand.; Jur.dr.","12","härledd 1992→2004","32","32","spann-summa, pågående=2025","Gymnasieskola, samhällsvetenskaplig linje, Mjölby, slutår 92. Affärsjuridisk magister, Linköpings universitet 96. Jur.kand., Stockholms universitet 00. Jur.dr., Linköpings universitet 04.","Verksam i familjeföretaget, Kurirengruppen i Sverige AB, 93–. Doktorand, universitetsadjunkt, programansvarig för de affärsjuridiska programmen och gästlärare, Linköpings universitet 98–05."
"Oscarsson","Magnus","KD","Östergötlands län","1970","Jönköping","18","härledd 1988→2006","","","Anställningar saknas","Gymnasieskola, Tranås, slutår 88. Pedagogik, Högskolan Jönköping 06",""
"Ottosson","Mattias","S","Östergötlands län","1971","","","Utbildning saknas","","","Anställningar saknas","",""
"Widegren","John","M","Östergötlands län","1980","Linköping","5","härledd 1999→2004","24","24","spann-summa, pågående=2025","Gymnasieskola, naturvetenskapligt program, Kungshögaskolan, Mjölby, slutår 99. Grundkurs Lantbruk, Vretaskolan, Linköping 01. Lantmästarprogrammet, Sveriges lantbruksuniversitet, Alnarp 04.","Lantarbetare, Walla säteri, Ödeshög 99–02 och 04–11. Lantbrukare, Walla säteri och Sättra, Ödeshög 11–."
"Östh","Malin","V","Östergötlands län","1972","","","Utbildning saknas","","","Anställningar saknas","",""